City_ID,City,Country,Date,Lat,Lng,Max Temp,Humidity,Cloudiness,Wind Speed
0,Dengzhou,CN,2021-04-06 21:18:51,37.8086,120.7508,49.1,49,67,4.43
1,Bluff,NZ,2021-04-06 21:18:51,-46.6,168.3333,54.0,84,100,4.0
2,Mari-Turek,RU,2021-04-06 21:18:51,56.7895,49.6235,28.18,97,97,5.73
3,Lokoja,NG,2021-04-06 21:18:52,7.8024,6.743,87.85,54,49,9.22
4,Ovsyanka,RU,2021-04-06 21:18:52,55.9575,92.5519,39.2,81,40,8.95
5,Rikitea,PF,2021-04-06 21:18:52,-23.1203,-134.9692,76.86,72,9,10.04
6,Atuona,PF,2021-04-06 21:18:53,-9.8,-139.0333,80.67,79,68,10.6
7,Souillac,MU,2021-04-06 21:16:30,-20.5167,57.5167,77.0,94,40,6.91
8,Bredasdorp,ZA,2021-04-06 21:18:53,-34.5322,20.0403,57.2,94,67,1.14
9,Geraldton,AU,2021-04-06 21:17:57,-28.7667,114.6,68.0,83,36,5.75
10,Ures,MX,2021-04-06 21:18:54,29.4333,-110.4,96.01,13,4,8.01
11,Mataura,NZ,2021-04-06 21:18:54,-46.1927,168.8643,54.0,84,100,4.0
12,Brokopondo,SR,2021-04-06 21:18:54,4.75,-55.1667,78.76,87,84,6.35
13,Les Cayes,HT,2021-04-06 21:18:55,18.2,-73.75,81.03,70,95,2.42
14,Nanortalik,GL,2021-04-06 21:18:55,60.1432,-45.2371,34.97,98,100,7.81
15,Ushuaia,AR,2021-04-06 21:14:33,-54.8,-68.3,51.8,62,75,6.91
16,Burriana,ES,2021-04-06 21:18:56,39.889,-0.085,55.99,72,0,1.21
17,Lorengau,PG,2021-04-06 21:18:25,-2.0226,147.2712,81.72,76,87,7.45
18,Kapaa,US,2021-04-06 21:18:56,22.0752,-159.319,78.8,47,20,21.85
19,Punta Arenas,CL,2021-04-06 21:16:24,-53.15,-70.9167,48.2,87,90,12.66
20,Torbay,CA,2021-04-06 21:16:35,47.6666,-52.7314,39.0,100,90,11.5
21,Mercedes,AR,2021-04-06 21:18:57,-34.6515,-59.4307,82.99,53,6,3.0
22,Gimli,CA,2021-04-06 21:18:57,50.6336,-96.9907,39.2,70,6,7.76
23,Saint-Philippe,RE,2021-04-06 21:18:58,-21.3585,55.7679,78.8,69,0,5.75
24,Arraial Do Cabo,BR,2021-04-06 21:18:58,-22.9661,-42.0278,77.0,69,20,10.36
25,Avarua,CK,2021-04-06 21:18:02,-21.2078,-159.775,82.4,69,75,13.8
26,Butaritari,KI,2021-04-06 21:18:59,3.0707,172.7902,80.11,76,100,4.29
27,Dikson,RU,2021-04-06 21:18:59,73.5069,80.5464,-6.41,100,92,5.93
28,Namatanai,PG,2021-04-06 21:18:59,-3.6667,152.4333,79.79,83,100,4.94
29,Flinders,AU,2021-04-06 21:19:00,-34.5833,150.8552,64.99,93,44,4.88
30,Hobart,AU,2021-04-06 21:19:00,-42.8794,147.3294,52.0,93,20,5.75
31,Yellowknife,CA,2021-04-06 21:19:00,62.456,-114.3525,19.0,73,90,17.27
32,New Norfolk,AU,2021-04-06 21:16:27,-42.7826,147.0587,52.0,81,56,2.37
33,Batagay,RU,2021-04-06 21:19:01,67.6333,134.6333,-19.48,99,61,2.75
34,Aykhal,RU,2021-04-06 21:19:01,66.0,111.5,23.22,96,100,7.11
35,Severo-Kurilsk,RU,2021-04-06 21:19:02,50.6789,156.125,26.55,73,18,16.06
36,Machali,CL,2021-04-06 21:19:02,-34.1833,-70.6667,75.2,46,3,8.05
37,Rorvik,NO,2021-04-06 21:19:02,64.8621,11.2373,35.6,75,40,14.97
38,Tarumovka,RU,2021-04-06 21:19:03,44.0761,46.5361,45.95,64,38,7.47
39,Presidente Olegario,BR,2021-04-06 21:19:03,-18.4178,-46.4181,72.0,69,90,1.99
40,Albany,US,2021-04-06 21:14:06,42.6001,-73.9662,66.0,14,5,6.55
41,Baie-Comeau,CA,2021-04-06 21:14:10,49.2168,-68.1489,48.2,87,90,10.36
42,Dawson Creek,CA,2021-04-06 21:19:04,55.7666,-120.2362,44.6,39,40,8.05
43,Atbasar,KZ,2021-04-06 21:19:04,51.8,68.3333,29.82,97,100,4.79
44,Ahipara,NZ,2021-04-06 21:19:04,-35.1667,173.1667,64.8,73,100,8.43
45,Cabedelo,BR,2021-04-06 21:19:05,-6.9811,-34.8339,80.6,78,0,10.36
46,Mahibadhoo,MV,2021-04-06 21:19:05,3.7833,72.9667,83.12,62,100,4.21
47,Codrington,AU,2021-04-06 21:17:43,-38.2667,141.9667,50.81,93,19,6.33
48,Tuktoyaktuk,CA,2021-04-06 21:16:20,69.4541,-133.0374,-9.4,77,75,11.5
49,Katsuura,JP,2021-04-06 21:17:28,35.1333,140.3,50.0,71,75,10.36
50,Hailar,CN,2021-04-06 21:19:06,49.2,119.7,26.83,28,63,8.57
51,Norman Wells,CA,2021-04-06 21:19:06,65.282,-126.8329,6.8,51,75,2.3
52,Port Alfred,ZA,2021-04-06 21:19:07,-33.5906,26.891,65.77,83,31,17.98
53,Olafsvik,IS,2021-04-06 21:19:07,64.8945,-23.7142,28.04,67,73,5.48
54,Neiafu,TO,2021-04-06 21:17:01,-18.65,-173.9833,80.6,69,20,5.75
55,Kruisfontein,ZA,2021-04-06 21:17:21,-34.0033,24.7314,57.99,94,43,5.08
56,Bethel,US,2021-04-06 21:19:08,41.3712,-73.414,66.2,22,1,14.97
57,Bengkulu,ID,2021-04-06 21:19:08,-3.8004,102.2655,74.1,87,99,4.74
58,Faya,SA,2021-04-06 21:16:39,18.3851,42.4509,68.0,42,13,6.91
59,Barrow,US,2021-04-06 21:16:12,71.2906,-156.7887,-5.8,77,1,11.5
60,Gazanjyk,TM,2021-04-06 21:14:29,39.2446,55.5154,63.07,47,9,14.43
61,Henties Bay,NA,2021-04-06 21:19:09,-22.116,14.2845,64.49,79,0,10.04
62,Sindi,IN,2021-04-06 21:19:09,20.8,78.8667,84.2,39,20,4.61
63,Upernavik,GL,2021-04-06 21:19:09,72.7868,-56.1549,8.38,92,100,16.6
64,Linares,CL,2021-04-06 21:18:26,-35.85,-71.6,75.72,30,100,5.64
65,Bonthe,SL,2021-04-06 21:18:05,7.5264,-12.505,80.31,82,23,3.62
66,Jalu,LY,2021-04-06 21:19:10,29.0331,21.5482,65.52,55,92,16.26
67,Kashary,RU,2021-04-06 21:19:11,49.04,41.0056,41.56,75,6,6.49
68,Castro,BR,2021-04-06 21:19:11,-24.7911,-50.0119,62.83,89,60,4.23
69,Iguape,BR,2021-04-06 21:19:11,-24.7081,-47.5553,72.27,88,100,12.06
70,Thompson,CA,2021-04-06 21:16:20,55.7435,-97.8558,39.2,56,20,2.3
71,Finschhafen,PG,2021-04-06 21:19:12,-6.6024,147.8681,80.24,78,100,3.2
72,Cape Town,ZA,2021-04-06 21:16:05,-33.9258,18.4232,64.0,88,0,11.5
73,Hithadhoo,MV,2021-04-06 21:19:12,-0.6,73.0833,83.32,61,97,10.42
74,Kahului,US,2021-04-06 21:19:12,20.8947,-156.47,75.2,69,40,16.11
75,Dondo,MZ,2021-04-06 21:19:13,-19.6094,34.7431,78.8,65,0,4.81
76,Hermanus,ZA,2021-04-06 21:19:13,-34.4187,19.2345,59.0,90,30,1.01
77,Mount Isa,AU,2021-04-06 21:19:14,-20.7333,139.5,71.6,56,10,5.75
78,Gamba,GA,2021-04-06 21:19:14,-2.65,10.0,77.65,90,97,4.29
79,Amapa,BR,2021-04-06 21:19:14,1.0,-52.0,75.76,97,100,2.37
80,Alta Floresta,BR,2021-04-06 21:17:33,-9.8756,-56.0861,77.58,88,100,1.5
81,Jamestown,US,2021-04-06 21:15:12,42.097,-79.2353,70.0,42,75,4.61
82,Hambantota,LK,2021-04-06 21:19:15,6.1241,81.1185,77.59,87,13,7.18
83,Port Hedland,AU,2021-04-06 21:19:15,-20.3167,118.5667,71.6,68,7,8.05
84,Port Elizabeth,ZA,2021-04-06 21:14:43,-33.918,25.5701,57.99,93,36,1.01
85,Khandyga,RU,2021-04-06 21:16:59,62.6667,135.6,-26.16,100,74,1.52
86,Vaini,TO,2021-04-06 21:19:16,-21.2,-175.2,78.8,78,20,6.91
87,Namibe,AO,2021-04-06 21:19:16,-15.1961,12.1522,77.74,79,96,2.15
88,Tasiilaq,GL,2021-04-06 21:19:16,65.6145,-37.6368,21.2,93,100,20.71
89,Kuruman,ZA,2021-04-06 21:19:17,-27.4524,23.4325,66.24,57,41,7.61
90,Carnarvon,AU,2021-04-06 21:16:34,-24.8667,113.6333,75.2,83,88,13.8
91,Qaanaaq,GL,2021-04-06 21:19:17,77.484,-69.3632,1.98,84,100,1.66
92,Tumut,AU,2021-04-06 21:19:18,-35.3,148.2167,64.4,82,5,1.14
93,Puerto Penasco,MX,2021-04-06 21:14:30,31.3167,-113.5333,73.99,60,90,7.0
94,Rio Pardo De Minas,BR,2021-04-06 21:19:18,-15.6097,-42.5397,73.33,65,94,5.01
95,Ati,TD,2021-04-06 21:19:18,13.2154,18.3353,87.37,12,3,10.69
96,Damaturu,NG,2021-04-06 21:19:19,11.747,11.9608,85.05,12,6,9.17
97,Kaitangata,NZ,2021-04-06 21:19:19,-46.2817,169.8464,57.99,76,100,8.99
98,Otukpo,NG,2021-04-06 21:19:19,7.1913,8.1329,85.15,56,99,10.36
99,Nikolskoye,RU,2021-04-06 21:19:20,59.7035,30.7861,36.0,80,0,8.95
100,Chuy,UY,2021-04-06 21:19:20,-33.6971,-53.4616,70.41,79,10,7.83
101,Tegh,AM,2021-04-06 21:19:20,39.5579,46.4772,47.34,62,75,3.65
102,Kodiak,US,2021-04-06 21:19:21,57.79,-152.4072,37.4,48,1,12.66
103,Airai,TL,2021-04-06 21:16:39,-8.9266,125.4092,59.77,85,78,0.98
104,Huangcun,CN,2021-04-06 21:19:21,30.0145,118.4037,56.03,81,100,3.47
105,Mehamn,NO,2021-04-06 21:19:22,71.0357,27.8492,33.8,69,75,20.71
106,Acapulco,MX,2021-04-06 21:19:22,16.8634,-99.8901,86.0,62,20,11.5
107,Praia Da Vitoria,PT,2021-04-06 21:19:22,38.7333,-27.0667,60.8,94,40,3.0
108,Banda Aceh,ID,2021-04-06 21:19:23,5.5577,95.3222,79.14,80,82,8.05
109,Ponta Do Sol,PT,2021-04-06 21:19:23,32.6667,-17.1,61.0,69,13,5.01
110,Nouadhibou,MR,2021-04-06 21:19:23,20.931,-17.0347,66.2,77,0,14.97
111,Leningradskiy,RU,2021-04-06 21:19:24,69.3833,178.4167,-8.01,91,65,6.08
112,Luganville,VU,2021-04-06 21:19:24,-15.5333,167.1667,81.01,78,76,9.84
113,Muli,MV,2021-04-06 21:19:24,2.9167,73.5667,83.55,62,100,4.9
114,Kavieng,PG,2021-04-06 21:14:29,-2.5744,150.7967,79.92,82,100,10.8
115,Novyy Urengoy,RU,2021-04-06 21:19:25,66.0833,76.6333,29.71,93,100,14.52
116,Birao,CF,2021-04-06 21:19:25,10.2849,22.7882,83.86,12,5,6.55
117,Phultala,BD,2021-04-06 21:19:26,22.7,89.5167,75.61,77,0,6.22
118,Barreirinhas,BR,2021-04-06 21:16:53,-2.7469,-42.8264,79.68,78,77,6.02
119,Half Moon Bay,US,2021-04-06 21:16:10,37.4636,-122.4286,64.99,76,90,8.77
120,Kupang,ID,2021-04-06 21:19:26,-10.1667,123.5833,76.33,80,88,3.67
121,Dvubratskiy,RU,2021-04-06 21:19:27,45.2389,39.805,51.8,66,0,11.18
122,Marawi,PH,2021-04-06 21:19:27,7.9986,124.2928,75.99,88,100,4.0
123,Atikokan,CA,2021-04-06 21:19:27,48.7555,-91.6216,58.19,23,40,5.48
124,Obo,CF,2021-04-06 21:19:28,5.3998,26.4869,69.48,89,100,4.81
125,San Patricio,US,2021-04-06 21:19:28,28.017,-97.5169,82.0,69,75,28.77
126,Portland,US,2021-04-06 21:19:29,45.5234,-122.6762,63.0,38,1,8.05
127,Safita,SY,2021-04-06 21:19:29,34.8205,36.1153,73.0,45,41,4.0
128,Luderitz,NA,2021-04-06 21:19:29,-26.6481,15.1594,61.48,86,1,13.15
129,Mao,ES,2021-04-06 21:19:30,39.8885,4.2658,53.6,66,20,13.8
130,Iqaluit,CA,2021-04-06 21:19:30,63.7506,-68.5145,14.0,92,90,5.75
131,Anchorage,US,2021-04-06 21:18:39,61.2181,-149.9003,24.8,36,1,4.36
132,Kununurra,AU,2021-04-06 21:18:50,-15.7667,128.7333,71.6,100,40,3.11
133,Ayame,CI,2021-04-06 21:19:30,5.6083,-3.1563,77.07,91,12,3.2
134,Muros,ES,2021-04-06 21:19:31,42.7762,-9.0603,52.0,65,1,20.36
135,Toora-Khem,RU,2021-04-06 21:19:31,52.4675,96.11,25.32,97,12,1.5
136,Guerrero Negro,MX,2021-04-06 21:19:32,27.9769,-114.0611,71.46,49,98,18.84
137,Busselton,AU,2021-04-06 21:19:32,-33.65,115.3333,59.0,97,73,5.53
138,Jieshou,CN,2021-04-06 21:19:32,33.2634,115.3611,54.55,75,100,5.08
139,Puerto Ayora,EC,2021-04-06 21:15:19,-0.7393,-90.3518,80.6,83,20,9.22
140,Saint George,US,2021-04-06 21:19:33,37.1041,-113.5841,73.0,8,1,3.44
141,Kunda,IN,2021-04-06 21:19:33,25.7167,81.5167,82.8,11,77,6.78
142,Kohtla-Jarve,EE,2021-04-06 21:19:34,59.3986,27.2731,32.5,68,1,16.4
143,Dongsheng,CN,2021-04-06 21:19:34,39.8161,109.9776,39.29,70,30,4.63
144,Southbridge,US,2021-04-06 21:19:34,42.0751,-72.0334,61.0,41,98,5.01
145,Lavrentiya,RU,2021-04-06 21:19:35,65.5833,-171.0,1.78,84,9,3.94
146,Marsa Matruh,EG,2021-04-06 21:19:35,31.3525,27.2453,64.4,68,0,13.8
147,Charagua,BO,2021-04-06 21:19:35,-19.8,-63.2167,80.6,61,75,5.28
148,Hilo,US,2021-04-06 21:19:36,19.7297,-155.09,69.8,83,90,10.36
149,Dingle,PH,2021-04-06 21:19:36,10.9995,122.6711,74.26,90,91,6.8
150,Merauke,ID,2021-04-06 21:19:36,-8.4667,140.3333,79.59,83,100,5.06
151,Egvekinot,RU,2021-04-06 21:19:37,66.3167,-179.1667,-1.16,71,0,0.54
152,Puerto Escondido,MX,2021-04-06 21:19:37,15.85,-97.0667,87.8,70,90,6.91
153,La Ronge,CA,2021-04-06 21:14:46,55.1001,-105.2842,50.0,37,65,6.91
154,Tiznit,MA,2021-04-06 21:18:23,29.5833,-9.5,57.94,79,100,6.26
155,Remontnoye,RU,2021-04-06 21:19:37,46.5614,43.6501,41.0,70,31,6.71
156,Kaa-Khem,RU,2021-04-06 21:19:38,51.6833,94.7333,35.89,62,5,4.32
157,Coahuayana,MX,2021-04-06 21:19:38,18.7333,-103.6833,80.6,54,40,6.91
158,Cockburn Town,TC,2021-04-06 21:18:51,21.4612,-71.1419,74.25,67,100,17.98
159,Luanda,AO,2021-04-06 21:19:39,-8.8368,13.2343,80.6,89,40,8.05
160,Vestmanna,FO,2021-04-06 21:19:39,62.1564,-7.1664,28.4,69,75,18.41
161,Datong,CN,2021-04-06 21:19:39,40.0936,113.2914,44.38,43,0,5.93
162,Lesozavodsk,RU,2021-04-06 21:19:40,45.4794,133.4244,30.88,66,4,6.93
163,Bambous Virieux,MU,2021-04-06 21:19:40,-20.3428,57.7575,77.0,94,40,6.91
164,Saldanha,ZA,2021-04-06 21:16:30,-33.0117,17.9442,64.4,52,4,4.61
165,Esperance,AU,2021-04-06 21:19:41,-33.8667,121.9,64.4,100,90,3.44
166,Maragogi,BR,2021-04-06 21:19:41,-9.0122,-35.2225,78.44,78,99,7.81
167,Marion,US,2021-04-06 21:19:41,39.7684,-86.1555,77.0,43,40,17.27
168,East London,ZA,2021-04-06 21:17:51,-33.0153,27.9116,66.34,81,69,16.55
169,Innisfail,AU,2021-04-06 21:19:42,-17.5333,146.0333,66.0,98,100,3.78
170,Hasaki,JP,2021-04-06 21:17:34,35.7333,140.8333,43.0,93,40,4.61
171,Iguguno,TZ,2021-04-06 21:19:42,-4.5697,34.6275,62.58,92,76,6.06
172,Ostrovnoy,RU,2021-04-06 21:19:43,68.0531,39.5131,31.19,86,100,17.16
173,Dunedin,NZ,2021-04-06 21:17:24,-45.8742,170.5036,57.0,68,58,7.0
174,Tandil,AR,2021-04-06 21:19:43,-37.3217,-59.1332,77.0,65,0,1.01
175,Novikovo,RU,2021-04-06 21:16:15,51.1537,37.8879,42.24,74,49,7.7
176,Maputo,MZ,2021-04-06 21:18:29,-25.9653,32.5892,77.0,61,20,4.61
177,Loughrea,IE,2021-04-06 21:19:44,53.1969,-8.5669,41.0,65,20,8.05
178,Sibolga,ID,2021-04-06 21:17:09,1.7427,98.7792,75.52,88,54,3.27
179,Mahebourg,MU,2021-04-06 21:19:44,-20.4081,57.7,77.0,94,40,6.91
180,Husavik,IS,2021-04-06 21:18:27,66.0449,-17.3389,15.8,62,0,3.44
181,Pisco,PE,2021-04-06 21:19:45,-13.7,-76.2167,77.0,65,0,20.71
182,Riwaka,NZ,2021-04-06 21:19:45,-41.0833,173.0,63.0,82,0,2.8
183,Ginda,IN,2021-04-06 21:19:46,30.6945,78.4932,54.59,58,100,8.86
184,Hami,CN,2021-04-06 21:19:08,42.8,93.45,56.34,25,41,4.18
185,Nakhon Nayok,TH,2021-04-06 21:19:46,14.1667,101.1,80.01,99,95,4.68
186,Lakatoro,VU,2021-04-06 21:19:47,-16.0999,167.4164,81.54,68,74,10.76
187,Charlottetown,CA,2021-04-06 21:19:35,46.2352,-63.1267,37.99,100,90,10.36
188,Podporozhye,RU,2021-04-06 21:19:47,60.9112,34.1706,30.87,80,13,10.31
189,Lujiang,CN,2021-04-06 21:19:48,31.2581,117.2817,57.99,76,0,4.47
190,Nahariyya,IL,2021-04-06 21:19:48,33.0059,35.0941,70.32,53,100,2.46
191,Cap Malheureux,MU,2021-04-06 21:19:48,-19.9842,57.6142,77.0,94,40,6.91
192,Aksu,CN,2021-04-06 21:19:49,41.1231,80.2644,52.56,40,98,8.19
193,Port Lincoln,AU,2021-04-06 21:19:49,-34.7333,135.8667,62.76,82,0,7.87
194,Chornukhy,UA,2021-04-06 21:19:50,50.2673,32.942,43.84,69,92,10.11
195,Khatanga,RU,2021-04-06 21:19:50,71.9667,102.5,-10.07,100,99,7.0
196,Narsaq,GL,2021-04-06 21:19:50,60.9167,-46.05,35.6,87,75,2.3
197,Ryotsu,JP,2021-04-06 21:19:51,38.0833,138.4333,47.08,70,95,4.97
198,Mnogovershinnyy,RU,2021-04-06 21:19:51,53.9353,139.9242,20.62,96,100,5.84
199,Clyde River,CA,2021-04-06 21:19:52,70.4692,-68.5914,12.2,67,20,13.8
200,Pangnirtung,CA,2021-04-06 21:19:28,66.1451,-65.7125,10.4,72,20,5.75
201,Hamilton,US,2021-04-06 21:19:52,39.1834,-84.5333,77.0,41,40,11.5
202,Victoria,HK,2021-04-06 21:19:44,22.2855,114.1577,73.0,81,87,1.99
203,Tuatapere,NZ,2021-04-06 21:17:04,-46.1333,167.6833,54.0,84,98,4.0
204,Uyuni,BO,2021-04-06 21:19:53,-20.4597,-66.825,58.12,17,25,10.36
205,Quatre Cocos,MU,2021-04-06 21:19:53,-20.2078,57.7625,77.0,94,40,6.91
206,Te Anau,NZ,2021-04-06 21:16:27,-45.4167,167.7167,49.1,85,27,0.78
207,Tianpeng,CN,2021-04-06 21:16:18,30.9866,103.9393,57.0,1,100,4.05
208,Lompoc,US,2021-04-06 21:19:54,34.6391,-120.4579,61.0,67,92,19.57
209,Xai-Xai,MZ,2021-04-06 21:19:54,-25.0519,33.6442,69.42,75,0,4.99
210,Lagoa,PT,2021-04-06 21:19:55,39.05,-27.9833,60.04,83,100,9.48
211,Riyadh,SA,2021-04-06 21:16:37,24.6877,46.7219,75.2,15,0,3.44
212,Yulara,AU,2021-04-06 21:19:55,-25.2406,130.9889,62.6,55,1,5.75
213,Ancud,CL,2021-04-06 21:19:55,-41.8697,-73.8203,61.0,82,75,10.36
214,Sakaiminato,JP,2021-04-06 21:19:56,35.55,133.2333,41.0,93,20,5.75
215,Port Hardy,CA,2021-04-06 21:15:04,50.6996,-127.4199,48.2,71,75,10.36
216,Kosa,RU,2021-04-06 21:19:56,59.9445,54.9977,32.92,87,100,3.71
217,Kazachinskoye,RU,2021-04-06 21:19:57,57.6953,93.2761,36.5,82,100,8.41
218,Bahia Honda,CU,2021-04-06 21:19:57,22.9036,-83.1592,78.49,58,91,14.16
219,Korla,CN,2021-04-06 21:19:57,41.7597,86.1469,54.68,27,100,9.1
220,Springfield,US,2021-04-06 21:17:25,37.2153,-93.2982,77.0,44,40,19.57
221,Asyut,EG,2021-04-06 21:19:58,27.181,31.1837,73.4,31,0,9.22
222,Sao Luiz Gonzaga,BR,2021-04-06 21:19:58,-28.4083,-54.9608,70.77,74,5,4.59
223,Tuburan,PH,2021-04-06 21:19:59,6.6439,122.2736,77.0,88,40,0.63
224,Touros,BR,2021-04-06 21:17:34,-5.1989,-35.4608,80.6,74,0,9.22
225,Cayenne,GF,2021-04-06 21:20:00,4.9333,-52.3333,81.0,94,75,3.44
226,Petukhovo,RU,2021-04-06 21:20:00,55.0692,67.9019,24.1,95,12,6.73
227,Broken Hill,AU,2021-04-06 21:20:00,-31.95,141.4333,53.6,43,0,4.61
228,Gilbues,BR,2021-04-06 21:20:01,-9.8317,-45.3439,81.88,56,100,1.5
229,Persianovskiy,RU,2021-04-06 21:20:01,47.5137,40.1075,44.6,81,40,13.42
230,Chifeng,CN,2021-04-06 21:20:01,42.2683,118.9636,37.56,26,18,5.39
231,Ciudad Bolivar,VE,2021-04-06 21:15:04,8.1222,-63.5497,87.96,51,100,9.71
232,Vardo,NO,2021-04-06 21:17:03,70.3705,31.1107,33.8,69,75,21.85
233,Sisimiut,GL,2021-04-06 21:20:03,66.9395,-53.6735,21.9,77,54,1.83
234,Constitucion,CL,2021-04-06 21:20:04,-35.3333,-72.4167,62.74,70,96,6.33
235,Alekseyevskoye,RU,2021-04-06 21:20:04,55.3071,50.1135,37.4,65,75,8.95
236,That Phanom,TH,2021-04-06 21:20:05,16.9364,104.7104,73.83,72,9,6.13
237,Alvaraes,BR,2021-04-06 21:20:05,-3.2208,-64.8042,86.0,74,20,3.44
238,Mar Del Plata,AR,2021-04-06 21:20:06,-38.0023,-57.5575,71.01,94,75,11.5
239,Sao Filipe,CV,2021-04-06 21:16:40,14.8961,-24.4956,76.66,61,0,7.4
240,Lamu,KE,2021-04-06 21:20:06,-2.2717,40.902,82.4,83,20,8.05
241,Sao Jose Da Coroa Grande,BR,2021-04-06 21:20:07,-8.8978,-35.1478,78.58,79,98,7.94
242,Pevek,RU,2021-04-06 21:20:07,69.7008,170.3133,-17.97,99,100,6.44
243,Olinda,BR,2021-04-06 21:20:08,-8.0089,-34.8553,78.8,69,40,11.5
244,Wanning,CN,2021-04-06 21:20:08,18.8003,110.3967,75.0,87,41,7.78
245,Mus,TR,2021-04-06 21:20:08,39.0,41.75,45.09,71,100,2.44
246,Sovetskiy,RU,2021-04-06 21:20:09,61.3614,63.5842,27.52,96,4,2.77
247,Laguna De Perlas,NI,2021-04-06 21:20:09,12.3429,-83.6712,84.2,74,75,4.61
248,Semey,KZ,2021-04-06 21:20:10,50.4111,80.2275,40.23,92,100,4.52
249,Chokurdakh,RU,2021-04-06 21:17:26,70.6333,147.9167,-21.17,92,98,1.79
250,Carballo,ES,2021-04-06 21:20:10,43.213,-8.691,51.01,77,71,8.01
251,San Cristobal,VE,2021-04-06 21:20:11,7.7669,-72.225,87.8,48,40,11.5
252,Tatawin,TN,2021-04-06 21:20:11,32.9297,10.4518,61.2,53,0,4.79
253,Ambon,ID,2021-04-06 21:20:11,-3.6954,128.1814,73.4,94,20,9.22
254,Alenquer,BR,2021-04-06 21:20:12,-1.9417,-54.7383,84.2,79,75,4.61
255,Cabo San Lucas,MX,2021-04-06 21:16:24,22.8909,-109.9124,80.6,60,1,4.61
256,Saskylakh,RU,2021-04-06 21:20:12,71.9167,114.0833,7.74,95,100,7.34
257,Fort Nelson,CA,2021-04-06 21:15:22,58.8053,-122.7002,28.4,74,90,9.22
258,Richards Bay,ZA,2021-04-06 21:20:13,-28.783,32.0377,69.28,93,71,5.95
259,Fukue,JP,2021-04-06 21:20:13,32.6881,128.8419,60.96,53,27,18.43
260,Maceio,BR,2021-04-06 21:17:22,-9.6658,-35.7353,77.0,83,40,6.91
261,Orlik,RU,2021-04-06 21:20:13,52.5178,99.825,14.49,89,42,1.81
262,Le Vauclin,MQ,2021-04-06 21:20:14,14.5452,-60.8388,82.4,69,20,12.66
263,Dubovskoye,RU,2021-04-06 21:20:14,47.4092,42.7575,41.77,72,7,5.97
264,Bandarbeyla,SO,2021-04-06 21:20:15,9.4942,50.8122,78.49,61,99,9.86
265,Prieska,ZA,2021-04-06 21:20:15,-29.6641,22.7474,74.71,24,3,5.35
266,Tabou,CI,2021-04-06 21:20:16,4.423,-7.3528,80.26,86,52,4.05
267,Sharjah,AE,2021-04-06 21:17:30,25.3573,55.4033,75.2,77,0,3.44
268,Hualmay,PE,2021-04-06 21:20:16,-11.0964,-77.6139,73.9,74,94,10.18
269,Eureka,US,2021-04-06 21:20:16,40.8021,-124.1637,60.01,72,0,7.0
270,Ribeira Grande,PT,2021-04-06 21:20:17,38.5167,-28.7,62.6,77,20,4.61
271,Zunheboto,IN,2021-04-06 21:20:17,25.9667,94.5167,57.33,37,34,3.22
272,Faanui,PF,2021-04-06 21:20:17,-16.4833,-151.75,80.65,62,64,12.08
273,Auki,SB,2021-04-06 21:20:18,-8.7676,160.7034,77.22,88,100,7.05
274,Panaba,MX,2021-04-06 21:20:18,21.2833,-88.2667,85.84,45,100,16.87
275,Alice Springs,AU,2021-04-06 21:17:37,-23.7,133.8833,59.0,77,7,5.75
276,Bonga,ET,2021-04-06 21:20:19,7.2833,36.2333,61.56,92,82,1.36
277,Cherskiy,RU,2021-04-06 21:20:19,68.75,161.3,-15.59,95,26,1.43
278,Tiksi,RU,2021-04-06 21:16:23,71.6872,128.8694,-13.2,99,44,6.24
279,Kismayo,SO,2021-04-06 21:20:19,-0.3582,42.5454,82.29,78,3,13.15
280,Requena,ES,2021-04-06 21:20:20,39.4883,-1.1004,57.99,84,48,4.99
281,Port Macquarie,AU,2021-04-06 21:16:47,-31.4333,152.9167,66.2,100,63,5.75
282,Teya,RU,2021-04-06 21:20:20,60.3778,92.6267,33.51,86,100,9.1
283,Lugovoy,KZ,2021-04-06 21:20:21,42.9472,72.7644,42.3,78,0,1.79
284,Tari,NG,2021-04-06 21:20:21,12.4086,4.4914,87.75,12,1,2.59
285,Tucuman,AR,2021-04-06 21:20:12,-26.8241,-65.2226,69.8,94,90,2.3
286,Glace Bay,CA,2021-04-06 21:20:21,46.1969,-59.957,37.99,100,90,10.36
287,Ulaangom,MN,2021-04-06 21:20:22,49.9811,92.0667,35.4,38,5,2.66
288,Vermillion,US,2021-04-06 21:20:22,42.7794,-96.9292,75.2,52,90,18.41
289,Port Keats,AU,2021-04-06 21:16:36,-14.25,129.55,76.15,84,61,2.95
290,Baruun-Urt,MN,2021-04-06 21:20:23,46.6806,113.2792,33.03,37,94,5.7
291,Sept-Iles,CA,2021-04-06 21:17:18,50.2001,-66.3821,50.0,76,100,4.61
292,Srednekolymsk,RU,2021-04-06 21:20:23,67.45,153.6833,-14.28,91,82,7.18
293,Tromso,NO,2021-04-06 21:20:24,69.6496,18.957,32.0,93,90,27.63
294,Kaabong,UG,2021-04-06 21:20:24,3.4836,34.1492,69.24,70,85,12.19
295,Bikin,RU,2021-04-06 21:20:24,46.8161,134.26,29.32,46,71,8.57
296,Sur,OM,2021-04-06 21:20:25,22.5667,59.5289,80.87,29,0,3.53
297,Sujiatun,CN,2021-04-06 21:20:25,41.6592,123.3392,41.0,26,0,11.18
298,Itarema,BR,2021-04-06 21:20:25,-2.9248,-39.9167,80.78,76,100,13.22
299,Biak,ID,2021-04-06 21:20:26,-0.9131,122.8766,76.71,79,14,2.01
300,Ondjiva,AO,2021-04-06 21:20:26,-17.0667,15.7333,71.29,50,13,6.67
301,Kampene,CD,2021-04-06 21:20:26,-3.6,26.6667,68.9,97,100,1.28
302,Makinsk,KZ,2021-04-06 21:20:27,52.6292,70.4169,30.18,98,100,6.42
303,Hovd,MN,2021-04-06 21:20:27,48.0056,91.6419,37.81,32,51,6.89
304,Krasnoselkup,RU,2021-04-06 21:20:28,65.7,82.4667,32.45,98,100,10.27
305,High Rock,BS,2021-04-06 21:20:28,26.6208,-78.2833,71.6,49,20,10.36
306,Ojinaga,MX,2021-04-06 21:20:28,29.5667,-104.4167,93.2,7,1,16.11
307,Qaqortoq,GL,2021-04-06 21:20:29,60.7167,-46.0333,35.6,87,75,2.3
308,Tema,GH,2021-04-06 21:20:29,5.667,-0.0166,84.2,84,20,10.36
309,Bulgan,MN,2021-04-06 21:20:30,48.8125,103.5347,35.85,50,33,0.49
310,Carauari,BR,2021-04-06 21:18:17,-4.8828,-66.8958,81.34,91,100,1.99
311,Santa Vitoria Do Palmar,BR,2021-04-06 21:20:30,-33.5189,-53.3681,70.74,78,12,8.12
312,Vestmannaeyjar,IS,2021-04-06 21:20:30,63.4427,-20.2734,31.23,51,76,4.41
313,Orotukan,RU,2021-04-06 21:20:31,62.2667,151.7,6.17,94,100,1.52
314,Sabang,ID,2021-04-06 21:17:36,5.8933,95.3214,81.41,74,100,11.07
315,Lebu,CL,2021-04-06 21:17:34,-37.6167,-73.65,58.55,87,100,8.28
316,Bosaso,SO,2021-04-06 21:20:31,11.2842,49.1816,78.58,58,98,5.32
317,Klaksvik,FO,2021-04-06 21:20:32,62.2266,-6.589,28.4,69,75,18.41
318,Nome,US,2021-04-06 21:20:32,64.5011,-165.4064,12.2,52,1,7.23
319,Manono,CD,2021-04-06 21:20:32,-7.3,27.4167,70.81,91,39,3.51
320,Kamenka,RU,2021-04-06 21:20:33,51.3223,42.7678,37.0,83,66,6.78
321,Camacha,PT,2021-04-06 21:20:33,33.0833,-16.3333,62.6,77,20,9.22
322,Tamale,GH,2021-04-06 21:20:33,9.4008,-0.8393,95.85,20,28,3.31
323,Tezu,IN,2021-04-06 21:20:34,27.9167,96.1667,71.44,30,13,5.08
324,Santa Cruz,BO,2021-04-06 21:18:45,-17.8,-63.1667,87.8,61,75,4.61
325,Dalvik,IS,2021-04-06 21:20:34,65.9702,-18.5286,15.8,62,0,3.44
326,Maarianhamina,AX,2021-04-06 21:20:35,60.0973,19.9348,39.2,60,0,9.22
327,Margate,GB,2021-04-06 21:20:35,51.3813,1.3862,37.0,53,27,4.0
328,Diffa,NE,2021-04-06 21:20:35,13.3154,12.6113,88.27,10,7,5.53
329,Marsh Harbour,BS,2021-04-06 21:20:36,26.5412,-77.0636,69.48,51,12,9.06
330,Eyl,SO,2021-04-06 21:20:36,7.9803,49.8164,77.36,60,83,11.77
331,Saint-Pierre,RE,2021-04-06 21:18:25,-21.3393,55.4781,78.8,69,0,5.75
332,Lazaro Cardenas,MX,2021-04-06 21:20:36,17.9583,-102.2,84.16,54,0,11.77
333,Great Falls,US,2021-04-06 21:20:37,47.5002,-111.3008,55.99,28,1,9.22
334,Grojec,PL,2021-04-06 21:20:37,51.8625,20.8676,35.01,100,55,8.16
335,Kaeo,NZ,2021-04-06 21:20:37,-35.1,173.7833,64.0,83,100,5.99
336,Pasighat,IN,2021-04-06 21:20:38,28.0667,95.3333,69.89,37,8,4.59
337,Maniitsoq,GL,2021-04-06 21:16:37,65.4167,-52.9,23.47,81,19,4.56
338,Concepcion Del Uruguay,AR,2021-04-06 21:20:38,-32.4825,-58.2372,76.64,71,98,6.46
339,Roald,NO,2021-04-06 21:20:39,62.5833,6.1333,39.2,75,75,16.11
340,Yerofey Pavlovich,RU,2021-04-06 21:20:39,53.9667,121.9667,4.17,85,60,3.2
341,Kodinsk,RU,2021-04-06 21:20:39,58.6881,99.1844,29.97,98,53,3.51
342,Saint Anthony,US,2021-04-06 21:20:40,45.0205,-93.218,69.8,63,90,6.91
343,Umea,SE,2021-04-06 21:20:40,63.8284,20.2597,33.8,93,75,3.44
344,Coihaique,CL,2021-04-06 21:20:41,-45.5752,-72.0662,59.0,63,75,5.75
345,Pala,TD,2021-04-06 21:20:41,9.3642,14.9046,91.49,12,77,4.92
346,Pultusk,PL,2021-04-06 21:20:41,52.7025,21.0828,36.0,73,67,7.74
347,Okha,RU,2021-04-06 21:17:51,53.5739,142.9478,27.03,94,100,18.68
348,Peniche,PT,2021-04-06 21:20:42,39.3558,-9.3811,55.0,89,96,5.59
349,Zapadnaya Dvina,RU,2021-04-06 21:20:42,56.259,32.0745,30.92,74,100,3.96
350,Moratuwa,LK,2021-04-06 21:20:43,6.773,79.8816,80.6,78,20,4.61
351,Bongandanga,CD,2021-04-06 21:20:43,1.5,21.05,72.63,87,100,3.2
352,Aldan,RU,2021-04-06 21:20:43,58.6031,125.3894,-11.81,95,53,5.19
353,Pingyin,CN,2021-04-06 21:20:44,36.2831,116.4453,55.99,56,100,1.52
354,Yumen,CN,2021-04-06 21:17:31,40.2833,97.2,43.03,50,0,9.95
355,Pacific Grove,US,2021-04-06 21:20:44,36.6177,-121.9166,57.2,62,1,9.22
356,Oildale,US,2021-04-06 21:20:44,35.4197,-119.0195,80.01,33,1,4.61
357,Haines Junction,CA,2021-04-06 21:20:45,60.7522,-137.5108,19.4,42,100,8.05
358,Kholtoson,RU,2021-04-06 21:20:45,50.2981,103.3097,32.14,64,59,0.89
359,Kalabo,ZM,2021-04-06 21:20:45,-14.97,22.6814,66.94,53,75,5.26
360,Changde,CN,2021-04-06 21:20:46,29.0464,111.6783,52.09,99,100,4.47
361,Kintinku,TZ,2021-04-06 21:20:46,-5.8833,35.2333,67.39,91,41,2.08
362,Murzzuschlag,AT,2021-04-06 21:20:47,47.6,15.6833,19.0,88,58,3.22
363,Cidreira,BR,2021-04-06 21:20:47,-30.1811,-50.2056,73.78,81,0,13.42
364,Nacala,MZ,2021-04-06 21:20:47,-14.5428,40.6728,71.02,81,14,7.34
365,Masuda,JP,2021-04-06 21:20:48,34.6667,131.85,44.6,65,20,4.61
366,Grindavik,IS,2021-04-06 21:20:48,63.8424,-22.4338,24.8,68,0,4.61
367,Dum Duma,IN,2021-04-06 21:19:13,27.5667,95.5667,68.32,40,13,1.74
368,Khani,GE,2021-04-06 21:20:48,41.9563,42.9566,53.6,76,0,12.66
369,Koutiala,ML,2021-04-06 21:20:49,12.3917,-5.4642,92.7,7,66,8.23
370,Antofagasta,CL,2021-04-06 21:16:44,-23.65,-70.4,72.0,77,40,14.97
371,Buta,CD,2021-04-06 21:20:49,2.7858,24.73,72.52,87,76,2.64
372,Yantzaza,EC,2021-04-06 21:20:50,-3.8278,-78.7594,77.14,82,82,2.37
373,Logrono,ES,2021-04-06 21:20:50,42.4667,-2.45,46.0,61,40,10.36
374,Garden City,US,2021-04-06 21:18:19,42.3256,-83.331,79.0,34,75,14.97
375,Lima,PE,2021-04-06 21:20:51,-12.0432,-77.0282,75.2,69,0,12.66
376,Sal Rei,CV,2021-04-06 21:20:51,16.1833,-22.9167,69.8,83,20,17.27
377,Fortuna,US,2021-04-06 21:20:51,40.5982,-124.1573,57.0,76,20,18.41
378,Atar,MR,2021-04-06 21:20:52,20.5169,-13.0499,85.73,17,11,9.4
379,Camopi,GF,2021-04-06 21:18:08,3.1655,-52.3158,75.65,97,100,3.15
380,Aklavik,CA,2021-04-06 21:20:52,68.2191,-135.0107,1.4,60,90,4.83
381,Kenai,US,2021-04-06 21:20:52,60.5544,-151.2583,26.6,39,1,8.05
382,Vera Cruz,BR,2021-04-06 21:19:46,-12.6333,-41.0333,77.86,60,94,9.15
383,Itaueira,BR,2021-04-06 21:20:53,-7.6033,-43.0256,83.03,52,100,3.22
384,Ashland,US,2021-04-06 21:20:53,40.8167,-82.2665,77.0,38,1,5.99
385,Los Andes,CL,2021-04-06 21:20:54,-32.8337,-70.5983,75.99,99,5,1.99
386,Asfi,MA,2021-04-06 21:20:54,32.2994,-9.2372,62.15,87,100,7.07
387,Maridi,SS,2021-04-06 21:20:54,4.9158,29.4742,68.99,90,100,6.33
388,Ewa Beach,US,2021-04-06 21:20:55,21.3156,-158.0072,80.6,44,20,12.66
389,Dakar,SN,2021-04-06 21:18:55,14.6937,-17.4441,71.6,73,0,11.5
390,Chapais,CA,2021-04-06 21:20:55,49.7834,-74.8492,53.6,47,1,2.3
391,Puerto Leguizamo,CO,2021-04-06 21:20:56,-0.1934,-74.7819,81.46,71,94,1.77
392,Oranjemund,NA,2021-04-06 21:16:38,-28.55,16.4333,59.38,94,4,2.91
393,Kirensk,RU,2021-04-06 21:20:56,57.7853,108.1119,32.81,95,93,4.81
394,Kontagora,NG,2021-04-06 21:20:56,10.3999,5.4695,87.57,19,3,3.22
395,Charters Towers,AU,2021-04-06 21:20:41,-20.1,146.2667,72.72,77,53,5.46
396,Bridlington,GB,2021-04-06 21:20:57,54.0831,-0.1919,34.0,66,75,3.0
397,Whitehorse,CA,2021-04-06 21:20:57,60.7161,-135.0538,19.99,53,90,9.22
398,Abay,KZ,2021-04-06 21:20:58,49.6311,72.8539,39.2,93,0,4.47
399,Sumbe,AO,2021-04-06 21:20:58,-11.2061,13.8437,80.92,88,96,3.51
400,Kavaratti,IN,2021-04-06 21:20:58,10.5669,72.642,82.89,76,32,9.17
401,Avondale,US,2021-04-06 21:20:59,33.4356,-112.3496,93.0,11,40,8.05
402,Nador,MA,2021-04-06 21:20:59,35.174,-2.9287,60.8,82,0,2.77
403,Otjiwarongo,NA,2021-04-06 21:20:59,-20.4637,16.6477,66.54,60,93,2.68
404,Rundu,NA,2021-04-06 21:21:00,-17.9333,19.7667,70.9,46,43,4.47
405,Tucano,BR,2021-04-06 21:21:00,-10.9631,-38.7867,82.31,54,36,10.13
406,Tura,IN,2021-04-06 21:21:00,25.5198,90.2201,74.21,22,43,4.99
407,Zharkent,KZ,2021-04-06 21:21:01,44.1628,80.0,51.04,43,91,1.59
408,Pochutla,MX,2021-04-06 21:21:01,15.7432,-96.4661,88.0,62,90,11.5
409,Mount Gambier,AU,2021-04-06 21:21:02,-37.8333,140.7667,46.4,100,75,3.44
410,Mecca,SA,2021-04-06 21:21:02,21.4267,39.8261,80.71,43,1,3.78
411,Chara,RU,2021-04-06 21:21:02,56.9064,118.2631,7.66,91,94,2.48
412,Antalaha,MG,2021-04-06 21:21:03,-14.9003,50.2788,76.68,88,100,3.69
413,Porto Novo,BJ,2021-04-06 21:21:03,6.4965,2.6036,84.2,84,40,11.5
414,Surab,PK,2021-04-06 21:21:04,28.4914,66.2585,53.58,15,0,15.97
415,Sitka,US,2021-04-06 21:18:02,57.0531,-135.33,33.8,93,90,6.93
416,Penzance,GB,2021-04-06 21:21:04,50.1186,-5.5371,46.0,49,20,23.02
417,Itapaci,BR,2021-04-06 21:21:05,-14.9508,-49.5494,74.57,85,59,1.7
418,Asosa,ET,2021-04-06 21:21:05,10.0667,34.5333,76.64,17,68,1.81
419,Cervo,ES,2021-04-06 21:19:45,43.6702,-7.4101,50.0,75,100,8.01
420,Georgetown,MY,2021-04-06 21:21:05,5.4112,100.3354,79.0,94,20,2.3
421,Sivaki,RU,2021-04-06 21:21:06,52.6333,126.75,9.27,70,62,16.44
422,Hobyo,SO,2021-04-06 21:21:06,5.3505,48.5268,81.39,54,20,13.87
423,Hervey Bay,AU,2021-04-06 21:21:06,-25.2986,152.8535,70.0,93,94,3.0
424,Bhera,PK,2021-04-06 21:21:07,32.4832,72.9097,63.03,77,48,4.79
425,Berdigestyakh,RU,2021-04-06 21:21:07,62.0989,126.6992,-23.12,100,73,3.31
426,Mogadishu,SO,2021-04-06 21:21:07,2.0371,45.3438,82.31,72,10,14.74
427,Velikiy Ustyug,RU,2021-04-06 21:21:08,60.7644,46.3106,34.74,92,60,11.12
428,Tole,UA,2021-04-06 21:21:08,44.7167,33.8167,55.0,58,100,11.34
429,Itupiranga,BR,2021-04-06 21:21:08,-5.1347,-49.3267,89.6,55,20,4.61
430,Coolum Beach,AU,2021-04-06 21:21:09,-26.5333,153.1,71.01,98,100,1.01
431,Turukhansk,RU,2021-04-06 21:21:09,65.8167,87.9833,32.86,98,100,10.98
432,Xuddur,SO,2021-04-06 21:21:10,4.1213,43.8894,78.12,68,24,14.88
433,Baker City,US,2021-04-06 21:21:10,44.7749,-117.8344,57.2,23,1,4.61
434,Sretensk,RU,2021-04-06 21:21:11,52.2453,117.7093,25.29,58,9,1.25
435,Dunkirk,FR,2021-04-06 21:21:11,51.05,2.3667,37.99,66,38,1.99
436,Andros Town,BS,2021-04-06 21:21:12,24.7,-77.7667,75.2,50,20,11.5
437,Lixourion,GR,2021-04-06 21:21:12,38.2019,20.4314,55.65,81,3,9.93
438,Estelle,US,2021-04-06 21:21:12,29.8458,-90.1067,80.01,61,75,14.97
439,Sao Borja,BR,2021-04-06 21:16:54,-28.6606,-56.0044,72.01,79,7,5.77
440,Aktau,KZ,2021-04-06 21:17:02,43.65,51.2,39.2,87,0,8.95
441,Oyon,PE,2021-04-06 21:21:13,-10.6681,-76.7731,51.89,77,82,4.14
442,Hibbing,US,2021-04-06 21:17:07,47.4272,-92.9377,59.0,26,1,8.05
443,Sinnamary,GF,2021-04-06 21:18:53,5.3833,-52.95,79.66,81,82,10.69
444,Nelson Bay,AU,2021-04-06 21:21:14,-32.7167,152.15,66.0,100,75,4.61
445,El Retorno,CO,2021-04-06 21:21:14,2.3302,-72.6276,78.28,86,76,3.22
446,Kimbe,PG,2021-04-06 21:21:15,-5.5502,150.1429,77.38,90,100,1.63
447,Kannur,IN,2021-04-06 21:21:15,11.8675,75.3576,79.07,88,7,3.96
448,Saint-Francois,FR,2021-04-06 21:18:05,46.4154,3.9054,37.4,48,0,6.91
449,San Quintin,MX,2021-04-06 21:18:55,30.4833,-115.95,66.15,62,87,19.06
450,Goderich,CA,2021-04-06 21:21:16,43.7501,-81.7165,69.8,43,100,13.8
451,Pacifica,US,2021-04-06 21:21:16,37.6138,-122.4869,61.0,76,90,8.05
452,Vao,NC,2021-04-06 21:16:23,-22.6667,167.4833,75.61,65,90,15.41
453,Santo Antonio Do Ica,BR,2021-04-06 21:21:16,-3.1022,-67.9397,83.19,74,92,2.3
454,Dahanu,IN,2021-04-06 21:21:17,19.9667,72.7333,79.12,71,0,1.57
455,Chato,TZ,2021-04-06 21:21:17,-2.6378,31.7669,67.8,89,96,2.66
456,Franca,BR,2021-04-06 21:20:50,-20.5386,-47.4008,65.37,90,65,2.66
457,Petrovsk-Zabaykalskiy,RU,2021-04-06 21:21:18,51.273,108.843,30.69,70,9,2.46
458,Kitimat,CA,2021-04-06 21:21:18,54.0524,-128.6534,41.0,88,100,1.01
459,Kloulklubed,PW,2021-04-06 21:18:59,7.0419,134.2556,77.0,94,75,3.44
460,Puri,IN,2021-04-06 21:21:19,19.8,85.85,78.8,94,4,9.22
461,Matamoros,MX,2021-04-06 21:19:02,25.5333,-103.25,95.0,14,20,2.28
462,Longyearbyen,SJ,2021-04-06 21:21:19,78.2186,15.6401,10.4,48,20,12.66
463,Opunake,NZ,2021-04-06 21:21:20,-39.4556,173.8583,55.99,98,2,7.09
464,Togur,RU,2021-04-06 21:21:20,58.3631,82.8265,32.47,94,100,12.97
465,Tual,ID,2021-04-06 21:16:45,-5.6667,132.75,83.71,71,98,5.26
466,Naze,JP,2021-04-06 21:16:35,28.3667,129.4833,61.75,56,2,20.56
467,Broome,US,2021-04-06 21:16:53,42.2506,-75.833,59.0,10,1,13.8
468,Tyup,KG,2021-04-06 21:20:12,42.7276,78.3648,35.56,77,84,4.38
469,Piranhas,BR,2021-04-06 21:21:21,-16.4269,-51.8222,80.69,76,98,2.62
470,Fare,PF,2021-04-06 21:21:21,-16.7,-151.0167,80.26,62,70,10.69
471,Komsomolskiy,UZ,2021-04-06 21:21:22,40.4272,71.7189,50.0,62,92,0.76
472,Tinskoy,RU,2021-04-06 21:21:22,56.1525,96.9161,32.5,98,78,3.0
473,Oktyabrskoye,RU,2021-04-06 21:21:22,43.0645,44.7417,42.01,75,2,8.95
474,Pontianak,ID,2021-04-06 21:21:23,-0.0333,109.3333,75.2,100,20,1.14
475,Andenes,NO,2021-04-06 21:21:23,69.3143,16.1194,30.99,93,100,28.77
476,Guymon,US,2021-04-06 21:21:23,36.6828,-101.4816,87.8,5,1,25.32
477,Avola,IT,2021-04-06 21:21:24,36.9113,15.1395,59.0,88,75,9.22
478,Grevena,GR,2021-04-06 21:21:24,40.0845,21.4274,46.4,49,0,8.05
479,Shilong,CN,2021-04-06 21:21:25,23.1123,113.8425,78.01,73,40,11.18
480,Ilulissat,GL,2021-04-06 21:17:04,69.2167,-51.1,19.4,86,75,9.22
481,Opuwo,NA,2021-04-06 21:21:25,-18.0607,13.84,73.02,45,29,2.68
482,Belinskiy,RU,2021-04-06 21:21:25,52.9647,43.4165,27.12,97,98,3.02
483,Yinchuan,CN,2021-04-06 21:21:26,38.4681,106.2731,44.01,46,83,6.55
484,Qianjiang,CN,2021-04-06 21:21:26,30.4151,112.8859,53.83,97,100,7.36
485,Longonjo,AO,2021-04-06 21:21:27,-12.9067,15.2533,68.0,65,70,2.98
486,Tsaratanana,MG,2021-04-06 21:21:27,-16.7833,47.65,73.35,88,58,4.85
487,Arcata,US,2021-04-06 21:20:01,40.8665,-124.0828,60.01,87,20,10.36
488,Iracoubo,GF,2021-04-06 21:21:27,5.4802,-53.2011,79.41,82,85,10.78
489,Huanren,CN,2021-04-06 21:21:28,41.2647,125.3667,42.12,48,88,5.06
490,Wencheng,CN,2021-04-06 21:21:28,33.0559,113.7978,53.62,82,100,0.69
491,Siparia,TT,2021-04-06 21:21:29,10.1333,-61.5,84.0,78,61,3.0
492,Palmer,US,2021-04-06 21:21:29,42.1584,-72.3287,66.2,26,20,10.36
493,Balaipungut,ID,2021-04-06 21:21:29,1.05,101.2833,75.22,97,76,1.36
494,Caicedonia,CO,2021-04-06 21:21:30,4.3324,-75.8267,75.2,69,40,5.75
495,Qui Nhon,VN,2021-04-06 21:21:30,13.7667,109.2333,73.69,92,99,5.28
496,Puerto Baquerizo Moreno,EC,2021-04-06 21:21:30,-0.9,-89.6,78.8,89,75,5.75
497,Sorland,NO,2021-04-06 21:21:31,67.667,12.6934,35.6,69,75,29.93
498,Omsukchan,RU,2021-04-06 21:18:56,62.5333,155.8,6.28,93,100,2.3
499,Honningsvag,NO,2021-04-06 21:21:31,70.9821,25.9704,32.0,86,75,21.85
500,Tocopilla,CL,2021-04-06 21:21:32,-22.092,-70.1979,72.95,73,22,15.48
501,Waddan,LY,2021-04-06 21:21:32,29.1614,16.139,66.0,46,0,12.08
502,Progreso,MX,2021-04-06 21:21:32,21.2833,-89.6667,93.2,29,75,10.36
503,Shingu,JP,2021-04-06 21:21:33,33.7333,135.9833,48.76,90,85,4.83
504,Afrikanda,RU,2021-04-06 21:21:33,67.4429,32.7828,30.99,89,71,8.08
505,Imeni Poliny Osipenko,RU,2021-04-06 21:21:34,52.4201,136.4853,20.16,84,100,18.88
506,Amahai,ID,2021-04-06 21:21:34,-3.3333,128.9167,81.0,93,92,3.69
507,Florence,IT,2021-04-06 21:18:24,43.7667,11.25,44.6,45,40,13.8
508,Krasnovishersk,RU,2021-04-06 21:21:34,60.4078,57.082,31.62,96,100,2.89
509,Kamoke,PK,2021-04-06 21:21:35,31.9744,74.2244,62.6,82,40,10.36
510,Kichera,RU,2021-04-06 21:21:35,55.9375,110.0997,20.07,90,63,2.91
511,Kushmurun,KZ,2021-04-06 21:21:35,52.4503,64.6311,33.06,93,100,6.22
512,Praia,CV,2021-04-06 21:21:36,14.9215,-23.5087,78.8,36,0,19.57
513,Sadri,IN,2021-04-06 21:21:36,25.1833,73.4333,79.66,29,0,10.8
514,Anadyr,RU,2021-04-06 21:21:37,64.75,177.4833,-9.0,77,0,6.71
515,Batemans Bay,AU,2021-04-06 21:21:37,-35.7167,150.1833,64.0,98,54,1.01
516,Klichka,RU,2021-04-06 21:21:37,50.4457,117.996,23.52,50,61,4.7
517,Suluova,TR,2021-04-06 21:21:38,40.8313,35.6479,53.6,58,75,2.3
518,Akdepe,TM,2021-04-06 21:21:38,42.0551,59.3788,53.6,62,0,9.22
519,Nicolas Bravo,MX,2021-04-06 21:21:15,18.45,-88.9167,81.0,69,75,11.5
520,Mayor Pablo Lagerenza,PY,2021-04-06 21:21:38,-19.9309,-60.7718,82.96,61,73,5.99
521,Salalah,OM,2021-04-06 21:21:40,17.0151,54.0924,80.6,74,0,2.3
522,Point Fortin,TT,2021-04-06 21:21:40,10.1833,-61.6833,84.0,78,44,3.0
523,Ayia Galini,GR,2021-04-06 21:21:40,35.1,24.6833,60.01,75,15,3.0
524,Yablonovo,RU,2021-04-06 21:21:41,50.8523,37.3574,46.4,57,0,13.42
525,Boende,CD,2021-04-06 21:21:41,-0.2167,20.8667,71.78,95,85,1.57
526,Gat,IL,2021-04-06 21:21:41,31.61,34.7642,73.0,45,75,2.71
527,Sardarshahr,IN,2021-04-06 21:21:42,28.4333,74.4833,70.07,55,57,9.95
528,Batsfjord,NO,2021-04-06 21:21:42,70.6345,29.7185,32.0,80,0,18.41
529,Valle De Allende,MX,2021-04-06 21:21:42,26.9333,-105.4,86.52,9,24,2.35
530,Aswan,EG,2021-04-06 21:21:43,24.0934,32.907,81.61,9,0,8.66
531,Padang,ID,2021-04-06 21:21:43,-0.9492,100.3543,75.2,94,20,3.44
532,Kuusankoski,FI,2021-04-06 21:21:43,60.907,26.6244,35.6,64,0,14.97
533,Cartagena,CO,2021-04-06 21:20:35,10.3997,-75.5144,87.8,70,75,12.66
534,Sao Joao Da Barra,BR,2021-04-06 21:21:44,-21.6403,-41.0511,77.0,69,0,9.22
535,Surskoye,RU,2021-04-06 21:21:44,54.4821,46.7214,29.68,96,71,5.5
536,Marovoay,MG,2021-04-06 21:17:06,-16.1,46.6333,78.8,89,20,2.3
537,Xining,CN,2021-04-06 21:21:45,36.6167,101.7667,36.59,76,100,3.02
538,Araouane,ML,2021-04-06 21:21:45,18.9048,-3.5265,83.66,7,0,7.67
539,Buala,SB,2021-04-06 21:21:46,-8.145,159.5921,78.28,87,100,8.88
540,Okakarara,NA,2021-04-06 21:21:46,-20.5833,17.4333,65.79,67,12,5.5
541,Flin Flon,CA,2021-04-06 21:20:38,54.7682,-101.865,44.6,49,75,4.61
542,Moose Factory,CA,2021-04-06 21:21:46,51.2585,-80.6094,41.0,81,90,2.3
543,Roma,US,2021-04-06 21:17:53,43.2128,-75.4557,61.0,18,1,12.66
544,Vila Franca Do Campo,PT,2021-04-06 21:21:47,37.7167,-25.4333,59.0,94,40,4.61
545,Kaoma,ZM,2021-04-06 21:21:47,-14.7833,24.8,67.3,63,88,4.45
546,Markova,UA,2021-04-06 21:21:48,48.6758,24.4138,28.83,94,100,3.02
547,Kralendijk,BQ,2021-04-06 21:17:14,12.15,-68.2667,82.4,74,40,19.57
548,Mayo,US,2021-04-06 21:21:48,38.8876,-76.5119,70.0,48,1,9.22
549,Wilmington,US,2021-04-06 21:21:49,34.2257,-77.9447,84.2,18,1,13.8
550,Necochea,AR,2021-04-06 21:17:22,-38.5473,-58.7368,79.0,60,9,10.0
551,Laguna,US,2021-04-06 21:21:49,38.421,-121.4238,75.99,40,1,8.05
552,Talnakh,RU,2021-04-06 21:21:49,69.4865,88.3972,25.7,97,100,2.8
553,Strezhevoy,RU,2021-04-06 21:21:50,60.7333,77.5889,32.0,100,90,8.95
554,Vung Tau,VN,2021-04-06 21:21:50,10.346,107.0843,81.01,77,100,20.94
555,Mlonggo,ID,2021-04-06 21:21:50,-6.5333,110.7,78.8,94,40,9.22
556,Olot,ES,2021-04-06 21:21:51,42.181,2.4901,50.0,66,100,1.63
557,Parana,AR,2021-04-06 21:17:14,-31.732,-60.5238,84.99,57,15,3.0
558,San Lorenzo,PY,2021-04-06 21:21:51,-25.3333,-57.5333,77.0,78,75,4.61
559,Atambua,ID,2021-04-06 21:21:52,-9.1061,124.8925,72.7,85,92,1.66
560,Dzhida,RU,2021-04-06 21:21:52,50.6772,106.1806,36.73,67,21,1.28
561,Cracow,US,2021-04-06 21:21:52,43.7424,-82.8199,75.2,43,40,14.97
562,Rocha,UY,2021-04-06 21:18:45,-34.4833,-54.3333,69.85,82,34,9.86
563,Silvania,BR,2021-04-06 21:21:53,-16.6589,-48.6081,75.2,73,40,6.91
564,Los Algarrobos,PA,2021-04-06 21:21:53,8.5,-82.4333,87.8,62,20,10.36
565,Ternovka,RU,2021-04-06 21:21:54,51.678,41.6375,40.57,65,35,6.78
566,El Tular,MX,2021-04-06 21:21:54,18.1583,-93.35,87.8,51,75,5.75
567,Cairns,AU,2021-04-06 21:21:54,-16.9167,145.7667,75.2,88,90,2.3
568,Huilong,CN,2021-04-06 21:18:50,31.8111,121.655,55.99,76,100,1.01
569,Ambulu,ID,2021-04-06 21:21:55,-8.345,113.6058,75.33,92,100,2.33
570,Mayya,RU,2021-04-06 21:21:55,61.7333,130.2811,-22.0,76,0,2.53
571,Libertador General San Martin,AR,2021-04-06 21:21:56,-23.8064,-64.7876,78.01,84,65,1.99
572,Juripiranga,BR,2021-04-06 21:21:56,-7.3733,-35.2381,80.6,78,0,10.36
573,Sawakin,SD,2021-04-06 21:21:56,19.1059,37.3321,78.28,78,1,3.62
574,Vila Velha,BR,2021-04-06 21:21:57,-20.3297,-40.2925,81.0,78,20,6.91
575,Rayong,TH,2021-04-06 21:21:57,12.8333,101.4333,82.99,99,90,2.21
576,Zhigansk,RU,2021-04-06 21:17:42,66.7697,123.3711,-12.48,99,95,9.91
577,Puerto Del Rosario,ES,2021-04-06 21:21:58,28.5004,-13.8627,66.2,59,20,5.75
578,Stepnogorsk,KZ,2021-04-06 21:21:58,52.3544,71.8869,30.24,96,90,7.4
579,Thanh Hoa,VN,2021-04-06 21:21:58,19.8,105.7667,71.46,94,63,0.54
580,Bismarck,US,2021-04-06 21:21:11,46.8083,-100.7837,54.0,28,90,12.66
581,Huarmey,PE,2021-04-06 21:21:59,-10.0681,-78.1522,75.49,73,96,11.34
582,Caravelas,BR,2021-04-06 21:21:59,-17.7125,-39.2481,75.7,69,2,5.3
583,Coquimbo,CL,2021-04-06 21:21:59,-29.9533,-71.3436,66.2,68,0,11.5
584,Coihueco,CL,2021-04-06 21:22:00,-36.6167,-71.8333,64.4,63,75,4.61
585,Taltal,CL,2021-04-06 21:18:17,-25.4,-70.4833,70.36,72,29,7.47
586,Manga,BF,2021-04-06 21:22:00,11.6636,-1.0731,91.02,15,85,4.25
587,Provideniya,RU,2021-04-06 21:22:01,64.3833,-173.3,5.0,66,0,6.71
588,Sola,VU,2021-04-06 21:22:01,-13.8833,167.55,82.4,83,20,3.44
589,San Borja,BO,2021-04-06 21:22:02,-14.8167,-66.85,79.41,92,94,3.91
590,Sainte-Agathe-Des-Monts,CA,2021-04-06 21:17:37,46.0501,-74.2825,66.2,30,18,5.75
591,Chern,RU,2021-04-06 21:22:02,53.4523,36.9145,38.84,85,100,8.88
