City_ID,City,Lat,Lng,Max Temp,Humidity,Cloudiness,Wind Speed,Weather Description,Country,Date
0,Paita,-5.0892,-81.1144,82.4,61,0,11.5,clear sky,PE,2021-04-10 21:29:56
1,Tiarei,-17.5333,-149.3333,87.8,62,75,5.75,light rain,PF,2021-04-10 21:29:57
2,Dingle,10.9995,122.6711,74.73,87,68,6.02,light rain,PH,2021-04-10 21:29:57
3,Punta Arenas,-53.15,-70.9167,53.6,58,40,6.91,scattered clouds,CL,2021-04-10 21:26:00
4,Rikitea,-23.1203,-134.9692,78.73,72,0,10.02,light rain,PF,2021-04-10 21:29:57
5,Durant,33.994,-96.3708,71.6,33,1,17.27,clear sky,US,2021-04-10 21:29:58
6,Mataura,-46.1927,168.8643,60.01,91,65,3.0,broken clouds,NZ,2021-04-10 21:29:58
7,Pevek,69.7008,170.3133,-18.06,95,85,1.88,overcast clouds,RU,2021-04-10 21:29:58
8,Hermanus,-34.4187,19.2345,61.0,91,100,1.01,overcast clouds,ZA,2021-04-10 21:29:59
9,Hilo,19.7297,-155.09,77.0,57,75,8.05,broken clouds,US,2021-04-10 21:29:59
10,Kapaa,22.0752,-159.319,77.0,57,75,10.36,broken clouds,US,2021-04-10 21:29:59
11,Chokurdakh,70.6333,147.9167,-28.35,100,100,1.68,overcast clouds,RU,2021-04-10 21:30:00
12,Flin Flon,54.7682,-101.865,41.0,48,75,11.5,broken clouds,CA,2021-04-10 21:30:00
13,Sitka,57.0531,-135.33,35.6,64,90,12.66,light snow,US,2021-04-10 21:30:01
14,Vila Franca Do Campo,37.7167,-25.4333,62.6,94,75,9.22,mist,PT,2021-04-10 21:30:01
15,Esperance,-33.8667,121.9,57.2,88,98,11.5,overcast clouds,AU,2021-04-10 21:30:02
16,Lavrentiya,65.5833,-171.0,-2.34,77,100,17.69,overcast clouds,RU,2021-04-10 21:30:02
17,Panjab,34.388,67.0233,38.7,86,97,1.12,overcast clouds,AF,2021-04-10 21:30:03
18,Waipawa,-41.4122,175.5153,68.0,73,75,14.97,broken clouds,NZ,2021-04-10 21:30:03
19,Nyimba,-14.5566,30.8149,62.73,71,91,3.78,overcast clouds,ZM,2021-04-10 21:30:03
20,Port-Gentil,-0.7193,8.7815,82.4,78,40,4.61,scattered clouds,GA,2021-04-10 21:30:04
21,Sarkand,45.41,79.9186,46.81,45,91,4.79,overcast clouds,KZ,2021-04-10 21:30:04
22,Albany,42.6001,-73.9662,78.01,36,10,5.75,clear sky,US,2021-04-10 21:27:11
23,Punta De Piedra,7.6176,-71.4916,75.18,91,100,2.8,overcast clouds,VE,2021-04-10 21:30:05
24,Kommunar,59.6206,30.39,32.0,80,0,4.47,clear sky,RU,2021-04-10 21:30:05
25,Kirakira,-10.4544,161.9205,82.51,74,98,5.7,overcast clouds,SB,2021-04-10 21:30:06
26,Bredasdorp,-34.5322,20.0403,59.0,94,100,3.44,overcast clouds,ZA,2021-04-10 21:30:06
27,Cidreira,-30.1811,-50.2056,75.43,79,99,10.04,overcast clouds,BR,2021-04-10 21:30:06
28,Tiksi,71.6872,128.8694,-12.33,96,41,5.08,scattered clouds,RU,2021-04-10 21:30:07
29,Castro,-24.7911,-50.0119,66.42,60,0,3.91,clear sky,BR,2021-04-10 21:28:07
30,Busselton,-33.65,115.3333,62.01,79,100,8.99,light rain,AU,2021-04-10 21:30:07
31,Tuktoyaktuk,69.4541,-133.0374,-14.8,70,20,10.36,few clouds,CA,2021-04-10 21:30:08
32,Novyye Lyady,58.0536,56.6039,35.6,100,0,4.47,clear sky,RU,2021-04-10 21:30:08
33,Channel-Port Aux Basques,47.5702,-59.1367,32.0,76,98,16.71,overcast clouds,CA,2021-04-10 21:30:08
34,Ushuaia,-54.8,-68.3,51.8,58,40,6.91,scattered clouds,AR,2021-04-10 21:30:09
35,Seoul,37.5683,126.9778,42.8,93,10,2.3,mist,KR,2021-04-10 21:30:09
36,Muleba,-1.8397,31.6544,73.4,83,75,11.5,broken clouds,TZ,2021-04-10 21:30:10
37,Tupancireta,-29.0806,-53.8358,75.96,56,98,2.82,overcast clouds,BR,2021-04-10 21:30:10
38,Hovd,48.0056,91.6419,29.21,57,100,6.96,overcast clouds,MN,2021-04-10 21:30:11
39,Saskylakh,71.9167,114.0833,-2.92,83,57,10.78,broken clouds,RU,2021-04-10 21:30:11
40,Yangambi,0.8102,24.4336,70.2,98,100,5.23,light rain,CD,2021-04-10 21:30:11
41,Qaanaaq,77.484,-69.3632,18.01,83,100,5.35,overcast clouds,GL,2021-04-10 21:30:12
42,Ballybofey,54.8,-7.7833,30.87,78,31,4.12,scattered clouds,IE,2021-04-10 21:30:12
43,Coihaique,-45.5752,-72.0662,51.8,66,75,8.05,broken clouds,CL,2021-04-10 21:30:12
44,Hampton,37.0299,-76.3452,75.2,73,1,6.91,clear sky,US,2021-04-10 21:28:34
45,Hobart,-42.8794,147.3294,44.6,76,75,16.11,light rain,AU,2021-04-10 21:29:23
46,Ilulissat,69.2167,-51.1,21.2,86,90,2.64,overcast clouds,GL,2021-04-10 21:30:13
47,Trairi,-3.2778,-39.2689,80.38,80,37,9.95,scattered clouds,BR,2021-04-10 21:30:14
48,Tsaritsani,39.8833,22.2333,46.99,70,0,2.13,clear sky,GR,2021-04-10 21:30:14
49,Avarua,-21.2078,-159.775,82.4,83,40,5.75,scattered clouds,CK,2021-04-10 21:30:14
50,Atuona,-9.8,-139.0333,80.58,72,75,16.55,broken clouds,PF,2021-04-10 21:30:15
51,Saint-Philippe,-21.3585,55.7679,78.8,69,0,3.44,light rain,RE,2021-04-10 21:30:15
52,Puerto Ayora,-0.7393,-90.3518,79.0,83,40,9.22,light rain,EC,2021-04-10 21:30:15
53,Vaini,-21.2,-175.2,80.6,74,40,4.61,scattered clouds,TO,2021-04-10 21:30:16
54,Celestun,20.8667,-90.4,84.81,70,12,12.48,few clouds,MX,2021-04-10 21:30:16
55,Grand Gaube,-20.0064,57.6608,80.01,75,100,4.0,overcast clouds,MU,2021-04-10 21:30:16
56,Port Alfred,-33.5906,26.891,70.29,91,87,2.73,overcast clouds,ZA,2021-04-10 21:30:17
57,Laguna,38.421,-121.4238,78.01,35,1,8.05,clear sky,US,2021-04-10 21:30:17
58,Airai,-8.9266,125.4092,58.41,79,90,1.66,overcast clouds,TL,2021-04-10 21:30:17
59,Abu Samrah,35.3029,37.1841,46.56,72,36,17.38,scattered clouds,SY,2021-04-10 21:30:18
60,Saint-Augustin,51.226,-58.6502,35.65,80,99,12.46,overcast clouds,CA,2021-04-10 21:26:54
61,Jamalpur,24.9167,89.9333,75.51,73,0,3.89,clear sky,BD,2021-04-10 21:30:18
62,Samarinda,-0.5,117.15,74.32,93,96,1.92,overcast clouds,ID,2021-04-10 21:30:19
63,Nanortalik,60.1432,-45.2371,35.28,84,92,11.52,overcast clouds,GL,2021-04-10 21:30:19
64,Port Elizabeth,-33.918,25.5701,62.6,94,75,3.44,broken clouds,ZA,2021-04-10 21:30:20
65,Bluff,-46.6,168.3333,61.0,90,82,3.0,broken clouds,NZ,2021-04-10 21:30:20
66,Yellowknife,62.456,-114.3525,10.0,52,40,10.36,scattered clouds,CA,2021-04-10 21:30:20
67,Mar Del Plata,-38.0023,-57.5575,66.99,88,90,16.11,light rain,AR,2021-04-10 21:29:11
68,Victoria,22.2855,114.1577,71.01,80,61,1.01,broken clouds,HK,2021-04-10 21:30:08
69,Labuhan,-6.8844,112.2051,77.43,89,90,6.06,light rain,ID,2021-04-10 21:30:21
70,Half Moon Bay,37.4636,-122.4286,68.0,67,1,19.57,haze,US,2021-04-10 21:30:21
71,Semnan,35.5729,53.3971,69.55,27,99,4.94,overcast clouds,IR,2021-04-10 21:30:22
72,Ahuimanu,21.4447,-157.8378,77.0,53,20,5.75,few clouds,US,2021-04-10 21:30:22
73,Kaeo,-35.1,173.7833,66.0,98,31,1.59,scattered clouds,NZ,2021-04-10 21:30:22
74,Ginir,7.1333,40.7,59.99,70,98,5.5,overcast clouds,ET,2021-04-10 21:30:23
75,Carnarvon,-24.8667,113.6333,78.8,83,99,14.97,overcast clouds,AU,2021-04-10 21:30:23
76,Ovre Ardal,61.3167,7.8,10.9,96,34,4.03,scattered clouds,NO,2021-04-10 21:30:23
77,Hithadhoo,-0.6,73.0833,83.08,70,67,13.22,broken clouds,MV,2021-04-10 21:30:24
78,Guerrero Negro,27.9769,-114.0611,66.78,59,100,17.83,overcast clouds,MX,2021-04-10 21:30:24
79,Kahului,20.8947,-156.47,78.8,57,20,11.5,few clouds,US,2021-04-10 21:30:24
80,Saint Anthony,45.0205,-93.218,48.2,66,90,11.5,overcast clouds,US,2021-04-10 21:30:25
81,Ribeira Grande,38.5167,-28.7,62.6,94,75,11.5,light intensity drizzle,PT,2021-04-10 21:30:25
82,Tasiilaq,65.6145,-37.6368,37.4,44,3,5.75,clear sky,GL,2021-04-10 21:30:26
83,Rio Gallegos,-51.6226,-69.2181,62.6,34,0,20.71,clear sky,AR,2021-04-10 21:30:26
84,Cape Town,-33.9258,18.4232,64.0,88,0,10.36,clear sky,ZA,2021-04-10 21:27:38
85,Geraldton,-28.7667,114.6,75.2,53,75,21.85,broken clouds,AU,2021-04-10 21:30:26
86,Sao Gabriel Da Cachoeira,-0.1303,-67.0892,76.53,95,69,2.86,broken clouds,BR,2021-04-10 21:30:27
87,Arraial Do Cabo,-22.9661,-42.0278,77.0,69,0,12.66,clear sky,BR,2021-04-10 21:30:27
88,Cabo San Lucas,22.8909,-109.9124,80.01,65,40,3.44,scattered clouds,MX,2021-04-10 21:29:04
89,Plettenberg Bay,-34.0527,23.3716,62.47,77,100,2.42,overcast clouds,ZA,2021-04-10 21:30:28
90,Twin Falls,42.3505,-114.6445,62.6,17,1,19.57,clear sky,US,2021-04-10 21:30:28
91,Narsaq,60.9167,-46.05,42.8,61,34,5.75,scattered clouds,GL,2021-04-10 21:30:28
92,Sioux Lookout,50.1001,-91.917,39.2,87,90,6.91,overcast clouds,CA,2021-04-10 21:30:28
93,Chakulia,22.4833,86.7167,79.88,62,0,2.68,clear sky,IN,2021-04-10 21:30:29
94,Lagoa,39.05,-27.9833,59.49,94,100,19.71,overcast clouds,PT,2021-04-10 21:30:29
95,Kruisfontein,-34.0033,24.7314,57.99,96,100,3.62,overcast clouds,ZA,2021-04-10 21:30:29
96,Panaba,21.2833,-88.2667,100.02,28,13,14.12,few clouds,MX,2021-04-10 21:30:30
97,Yar-Sale,66.8333,70.8333,33.64,89,84,13.89,broken clouds,RU,2021-04-10 21:30:30
98,Khatanga,71.9667,102.5,13.37,83,100,11.45,overcast clouds,RU,2021-04-10 21:30:31
99,Bandarbeyla,9.4942,50.8122,78.35,72,0,7.02,clear sky,SO,2021-04-10 21:30:31
100,Moranbah,-22.0016,148.0466,76.08,64,53,11.36,broken clouds,AU,2021-04-10 21:30:31
101,Inirida,3.8653,-67.9239,73.54,97,100,1.54,light rain,CO,2021-04-10 21:30:32
102,Berdigestyakh,62.0989,126.6992,9.34,94,100,7.2,light snow,RU,2021-04-10 21:30:32
103,Lasa,46.6166,10.7002,50.0,87,75,5.75,broken clouds,IT,2021-04-10 21:30:32
104,Nantucket,41.2835,-70.0995,51.01,87,90,11.5,overcast clouds,US,2021-04-10 21:27:51
105,Malakal,9.5334,31.6605,89.62,10,44,3.85,scattered clouds,SS,2021-04-10 21:30:33
106,Neyshabur,36.2133,58.7958,63.95,29,76,5.12,broken clouds,IR,2021-04-10 21:30:33
107,Peski,55.2163,38.7626,37.4,52,0,4.47,clear sky,RU,2021-04-10 21:30:34
108,Constitucion,-35.3333,-72.4167,57.43,72,0,14.0,clear sky,CL,2021-04-10 21:30:34
109,Ramotswa,-24.8716,25.8699,66.2,63,0,3.44,clear sky,BW,2021-04-10 21:30:34
110,Mnogovershinnyy,53.9353,139.9242,32.59,80,100,7.02,overcast clouds,RU,2021-04-10 21:30:35
111,Along,28.1667,94.7667,59.72,94,19,1.99,few clouds,IN,2021-04-10 21:30:35
112,Miranda,3.2499,-76.2281,84.2,58,75,14.97,broken clouds,CO,2021-04-10 21:30:35
113,Hofn,64.2539,-15.2082,31.64,50,93,5.48,overcast clouds,IS,2021-04-10 21:30:36
114,New Norfolk,-42.7826,147.0587,42.01,83,99,1.99,light rain,AU,2021-04-10 21:30:36
115,Bone,51.9669,12.1396,46.0,92,100,4.0,light rain,DE,2021-04-10 21:30:36
116,Acari,-15.4311,-74.6158,74.5,72,31,8.88,scattered clouds,PE,2021-04-10 21:30:37
117,Lebu,-37.6167,-73.65,55.06,79,0,9.78,clear sky,CL,2021-04-10 21:30:37
118,Prata,-19.3072,-48.9242,71.96,45,0,5.53,clear sky,BR,2021-04-10 21:30:38
119,Mahebourg,-20.4081,57.7,78.8,83,40,12.66,scattered clouds,MU,2021-04-10 21:30:38
120,Batagay-Alyta,67.8006,130.4114,-11.18,80,5,5.79,clear sky,RU,2021-04-10 21:30:38
121,Saldanha,-33.0117,17.9442,60.8,88,100,12.35,overcast clouds,ZA,2021-04-10 21:30:39
122,Lagos,6.5833,3.75,75.2,94,75,17.27,light rain,NG,2021-04-10 21:30:39
123,Ubinskoye,55.3068,79.6802,28.65,98,56,5.66,broken clouds,RU,2021-04-10 21:30:39
124,Butaritari,3.0707,172.7902,81.77,78,99,12.88,overcast clouds,KI,2021-04-10 21:30:40
125,Katherine,-14.4667,132.2667,73.4,83,75,3.51,broken clouds,AU,2021-04-10 21:30:40
126,Urengoy,65.9667,78.3667,21.42,93,66,7.02,broken clouds,RU,2021-04-10 21:30:41
127,Southbridge,42.0751,-72.0334,73.0,54,73,7.0,broken clouds,US,2021-04-10 21:30:41
128,Aabybro,57.1584,9.7367,35.6,87,0,3.44,clear sky,DK,2021-04-10 21:30:41
129,Cuamba,-14.8031,36.5372,65.21,97,95,3.15,overcast clouds,MZ,2021-04-10 21:30:42
130,Hualmay,-11.0964,-77.6139,71.51,81,45,6.42,scattered clouds,PE,2021-04-10 21:30:42
131,Fairbanks,64.8378,-147.7164,10.99,40,1,9.22,clear sky,US,2021-04-10 21:27:21
132,Coquimbo,-29.9533,-71.3436,64.4,63,0,16.11,clear sky,CL,2021-04-10 21:30:42
133,Caravelas,-17.7125,-39.2481,74.82,80,1,5.1,clear sky,BR,2021-04-10 21:30:43
134,Presidencia Roque Saenz Pena,-26.7852,-60.4388,90.0,59,85,1.99,overcast clouds,AR,2021-04-10 21:30:43
135,Bogovarovo,58.9785,47.0246,26.11,98,22,3.87,few clouds,RU,2021-04-10 21:30:43
136,Bethel,41.3712,-73.414,68.0,71,62,7.92,broken clouds,US,2021-04-10 21:30:44
137,Bilibino,68.0546,166.4372,-0.35,69,99,3.33,overcast clouds,RU,2021-04-10 21:30:44
138,Talnakh,69.4865,88.3972,30.04,97,100,7.14,light snow,RU,2021-04-10 21:30:44
139,Gat,31.61,34.7642,55.99,56,39,1.99,scattered clouds,IL,2021-04-10 21:30:45
140,Portobelo,9.55,-79.65,84.0,74,100,21.99,overcast clouds,PA,2021-04-10 21:30:45
141,Farmington,36.7281,-108.2187,70.0,6,1,12.66,clear sky,US,2021-04-10 21:29:08
142,Tura,25.5198,90.2201,71.92,70,0,4.29,clear sky,IN,2021-04-10 21:30:46
143,Te Anau,-45.4167,167.7167,55.36,96,99,2.51,light rain,NZ,2021-04-10 21:30:46
144,Rocha,-34.4833,-54.3333,66.88,99,100,7.18,heavy intensity rain,UY,2021-04-10 21:30:46
145,Agustin Codazzi,10.0341,-73.2361,84.09,69,90,4.23,overcast clouds,CO,2021-04-10 21:30:47
146,Kuryk,43.2,51.65,64.54,37,31,8.08,scattered clouds,KZ,2021-04-10 21:30:47
147,Meulaboh,4.1363,96.1285,77.29,86,62,4.12,broken clouds,ID,2021-04-10 21:30:47
148,Ternate,0.8,127.4,80.92,75,96,3.87,overcast clouds,ID,2021-04-10 21:30:48
149,Tabou,4.423,-7.3528,79.92,84,100,6.85,overcast clouds,CI,2021-04-10 21:30:48
150,Kavieng,-2.5744,150.7967,81.77,74,100,8.79,overcast clouds,PG,2021-04-10 21:30:48
151,Severo-Kurilsk,50.6789,156.125,29.88,75,92,22.32,overcast clouds,RU,2021-04-10 21:30:49
152,College,64.8569,-147.8028,10.0,40,40,4.61,scattered clouds,US,2021-04-10 21:30:49
153,Charters Towers,-20.1,146.2667,75.9,56,7,5.91,clear sky,AU,2021-04-10 21:30:49
154,Johnson City,36.3134,-82.3535,64.4,88,90,9.78,overcast clouds,US,2021-04-10 21:30:50
155,Kaitangata,-46.2817,169.8464,63.0,65,58,1.99,broken clouds,NZ,2021-04-10 21:30:50
156,Sao Jose Do Belmonte,-7.8614,-38.7597,79.14,54,92,10.33,overcast clouds,BR,2021-04-10 21:30:50
157,Chuy,-33.6971,-53.4616,67.78,93,100,16.13,moderate rain,UY,2021-04-10 21:30:51
158,Sarakhs,36.5449,61.1577,62.6,45,36,2.3,scattered clouds,IR,2021-04-10 21:30:51
159,Ancud,-41.8697,-73.8203,55.0,82,90,11.5,light rain,CL,2021-04-10 21:30:51
160,Arona,28.0996,-16.681,68.0,72,20,8.05,few clouds,ES,2021-04-10 21:30:52
161,Russell,32.3502,-85.1999,71.6,68,75,4.61,broken clouds,US,2021-04-10 21:30:52
162,Sunbury,-37.5833,144.7333,46.99,81,75,17.27,light rain,AU,2021-04-10 21:30:52
163,Prince Rupert,54.3161,-130.3201,37.4,87,90,5.75,light rain,CA,2021-04-10 21:27:33
164,Sept-Iles,50.2001,-66.3821,37.99,60,20,9.22,few clouds,CA,2021-04-10 21:30:02
165,Siderno,38.2779,16.302,54.0,76,85,8.05,overcast clouds,IT,2021-04-10 21:30:53
166,Ponta Do Sol,32.6667,-17.1,61.0,70,91,1.99,overcast clouds,PT,2021-04-10 21:30:53
167,San Borja,-14.8167,-66.85,75.16,95,100,1.25,overcast clouds,BO,2021-04-10 21:30:54
168,Muncar,-8.4333,114.3333,76.6,90,90,2.04,overcast clouds,ID,2021-04-10 21:30:54
169,Itoman,26.1247,127.6694,69.8,73,40,17.27,scattered clouds,JP,2021-04-10 21:30:54
170,Codajas,-3.8367,-62.0569,79.84,82,99,1.97,overcast clouds,BR,2021-04-10 21:30:55
171,Ketchikan,55.3422,-131.6461,37.4,93,90,3.44,light rain,US,2021-04-10 21:30:55
172,Calamar,10.2511,-74.9146,86.0,58,40,3.44,scattered clouds,CO,2021-04-10 21:30:55
173,Ust-Kulom,61.6864,53.6902,26.1,98,17,2.8,few clouds,RU,2021-04-10 21:30:56
174,Savinskiy,62.9342,40.1361,37.35,94,100,13.24,overcast clouds,RU,2021-04-10 21:30:56
175,Tondano,1.3038,124.9112,73.4,94,40,2.3,scattered clouds,ID,2021-04-10 21:30:56
176,Saint-Francois,46.4154,3.9054,53.6,62,0,10.36,clear sky,FR,2021-04-10 21:30:57
177,Kenner,29.9941,-90.2417,78.8,61,40,9.22,scattered clouds,US,2021-04-10 21:29:11
178,Bengkulu,-3.8004,102.2655,74.88,88,71,4.14,broken clouds,ID,2021-04-10 21:30:57
179,Mahajanga,-15.7167,46.3167,77.0,94,20,3.44,few clouds,MG,2021-04-10 21:30:58
180,Nome,64.5011,-165.4064,10.99,44,75,24.16,broken clouds,US,2021-04-10 21:30:58
181,Lorengau,-2.0226,147.2712,81.41,83,100,14.03,moderate rain,PG,2021-04-10 21:30:58
182,East London,-33.0153,27.9116,70.3,90,71,2.46,broken clouds,ZA,2021-04-10 21:30:59
183,Souillac,-20.5167,57.5167,78.8,83,40,12.66,scattered clouds,MU,2021-04-10 21:30:59
184,Palmer,42.1584,-72.3287,77.0,38,40,10.36,scattered clouds,US,2021-04-10 21:28:12
185,Dikson,73.5069,80.5464,17.17,90,90,21.12,overcast clouds,RU,2021-04-10 21:30:59
186,Chenzhou,25.8,113.0333,60.04,95,98,1.5,light rain,CN,2021-04-10 21:31:00
187,Casper,42.8666,-106.3131,64.4,12,1,21.85,clear sky,US,2021-04-10 21:31:00
188,Leningradskiy,69.3833,178.4167,-7.11,95,100,1.41,overcast clouds,RU,2021-04-10 21:31:01
189,Vao,-22.6667,167.4833,77.11,89,100,24.9,light rain,NC,2021-04-10 21:31:01
190,Conde,-7.2597,-34.9075,77.0,100,75,6.91,broken clouds,BR,2021-04-10 21:31:01
191,Provideniya,64.3833,-173.3,1.85,78,100,22.26,overcast clouds,RU,2021-04-10 21:31:02
192,Businga,3.3333,20.8833,74.32,83,100,2.86,overcast clouds,CD,2021-04-10 21:31:02
193,Griffith,41.5284,-87.4237,54.0,100,90,3.44,moderate rain,US,2021-04-10 21:31:02
194,Burns Lake,54.2331,-125.7533,35.6,41,97,10.36,overcast clouds,CA,2021-04-10 21:31:03
195,Sola,-13.8833,167.55,82.4,94,75,2.53,broken clouds,VU,2021-04-10 21:31:03
196,Ambulu,-8.345,113.6058,75.43,90,26,3.29,scattered clouds,ID,2021-04-10 21:31:03
197,Mount Gambier,-37.8333,140.7667,50.0,81,75,26.46,broken clouds,AU,2021-04-10 21:31:04
198,Kampong Cham,11.9934,105.4635,79.86,77,80,3.29,broken clouds,KH,2021-04-10 21:30:06
199,Ronne,55.1009,14.7066,35.6,87,20,4.81,few clouds,DK,2021-04-10 21:31:04
200,Norrtalje,59.758,18.705,43.0,52,0,4.0,clear sky,SE,2021-04-10 21:31:05
201,Nikolskoye,59.7035,30.7861,36.0,80,0,4.47,clear sky,RU,2021-04-10 21:31:05
202,Alofi,-19.0595,-169.9187,80.6,78,6,8.05,clear sky,NU,2021-04-10 21:31:05
203,Bissora,12.2231,-15.4475,74.66,70,7,7.58,clear sky,GW,2021-04-10 21:31:06
204,Taoudenni,22.6783,-3.9836,87.01,14,0,10.6,clear sky,ML,2021-04-10 21:31:06
205,El Campo,29.1966,-96.2697,82.99,21,1,11.5,clear sky,US,2021-04-10 21:31:07
206,Gribanovskiy,51.4579,41.9764,39.0,89,99,10.67,overcast clouds,RU,2021-04-10 21:31:07
207,Tilichiki,60.4667,166.1,8.51,81,100,19.84,overcast clouds,RU,2021-04-10 21:31:07
208,Turukhansk,65.8167,87.9833,31.93,98,100,10.78,snow,RU,2021-04-10 21:31:08
209,Cherskiy,68.75,161.3,-10.68,83,70,1.68,broken clouds,RU,2021-04-10 21:31:08
210,Peringat,6.0333,102.2833,78.8,94,20,3.0,few clouds,MY,2021-04-10 21:31:08
211,Jamestown,42.097,-79.2353,75.2,27,40,11.5,scattered clouds,US,2021-04-10 21:29:00
212,Georgetown,5.4112,100.3354,79.0,94,20,3.44,few clouds,MY,2021-04-10 21:28:10
213,Sakakah,29.9697,40.2064,60.8,29,0,14.97,clear sky,SA,2021-04-10 21:31:09
214,Blytheville,35.9273,-89.919,68.0,45,75,23.02,broken clouds,US,2021-04-10 21:30:22
215,Umea,63.8284,20.2597,28.4,93,0,9.69,clear sky,SE,2021-04-10 21:31:10
216,Mount Pleasant,32.7941,-79.8626,75.0,83,20,10.36,few clouds,US,2021-04-10 21:27:26
217,Horta,38.5333,-28.6333,62.6,94,75,11.5,light intensity drizzle,PT,2021-04-10 21:31:10
218,Breyten,-26.3018,29.987,53.42,68,0,1.39,clear sky,ZA,2021-04-10 21:31:11
219,Yabassi,4.457,9.9682,80.6,89,75,2.3,broken clouds,CM,2021-04-10 21:31:11
220,Tautira,-17.7333,-149.15,87.8,62,75,5.75,light rain,PF,2021-04-10 21:31:12
221,Hasaki,35.7333,140.8333,42.8,93,20,5.75,few clouds,JP,2021-04-10 21:31:12
222,Norman Wells,65.282,-126.8329,-5.8,71,90,8.05,light snow,CA,2021-04-10 21:31:12
223,Mosalsk,54.4881,34.9817,37.0,75,1,8.19,clear sky,RU,2021-04-10 21:31:13
224,Paamiut,61.994,-49.6678,31.77,94,22,9.19,few clouds,GL,2021-04-10 21:31:13
225,Kannod,22.6667,76.7333,85.75,18,84,4.79,broken clouds,IN,2021-04-10 21:31:13
226,Thompson,55.7435,-97.8558,39.2,56,40,8.05,scattered clouds,CA,2021-04-10 21:31:14
227,Yasnyy,51.0333,59.8742,33.12,98,97,9.37,overcast clouds,RU,2021-04-10 21:31:14
228,Rawson,-43.3002,-65.1023,66.42,37,1,8.23,clear sky,AR,2021-04-10 21:31:14
229,Rincon,32.296,-81.2354,73.99,78,40,10.36,moderate rain,US,2021-04-10 21:31:15
230,Xuddur,4.1213,43.8894,75.13,79,92,13.11,light rain,SO,2021-04-10 21:31:15
231,Upernavik,72.7868,-56.1549,19.72,89,100,6.8,overcast clouds,GL,2021-04-10 21:31:15
232,Ambilobe,-13.2,49.05,72.91,92,100,3.49,overcast clouds,MG,2021-04-10 21:31:16
233,Sena Madureira,-9.0656,-68.6569,75.74,85,98,2.26,overcast clouds,BR,2021-04-10 21:31:16
234,Yarim,14.298,44.3779,56.08,35,4,0.02,clear sky,YE,2021-04-10 21:31:16
235,Baoqing,46.3317,132.2111,44.24,55,100,10.04,overcast clouds,CN,2021-04-10 21:31:17
236,Qaqortoq,60.7167,-46.0333,42.8,61,60,5.75,broken clouds,GL,2021-04-10 21:31:17
237,Katsuura,35.1333,140.3,50.0,62,20,10.36,few clouds,JP,2021-04-10 21:31:18
238,Sao Joao Da Barra,-21.6403,-41.0511,77.0,69,0,4.61,clear sky,BR,2021-04-10 21:31:18
239,Kyren,51.6828,102.1408,21.81,79,88,3.47,overcast clouds,RU,2021-04-10 21:31:18
240,Atar,20.5169,-13.0499,82.94,19,1,11.83,clear sky,MR,2021-04-10 21:31:19
241,Sao Filipe,14.8961,-24.4956,75.58,64,25,10.36,scattered clouds,CV,2021-04-10 21:31:19
242,Clyde River,70.4692,-68.5914,28.4,59,90,14.97,overcast clouds,CA,2021-04-10 21:31:19
243,Puri,19.8,85.85,78.8,94,40,4.61,haze,IN,2021-04-10 21:31:20
244,Gisborne,-38.6533,178.0042,65.14,81,57,4.18,broken clouds,NZ,2021-04-10 21:29:52
245,San Cristobal,7.7669,-72.225,86.0,54,40,5.75,scattered clouds,VE,2021-04-10 21:31:20
246,La Ronge,55.1001,-105.2842,39.2,56,90,8.05,overcast clouds,CA,2021-04-10 21:31:20
247,Nizwa,22.9333,57.5333,73.74,50,1,3.53,clear sky,OM,2021-04-10 21:31:21
248,Port-Cartier,50.0334,-66.8654,37.99,60,20,9.22,few clouds,CA,2021-04-10 21:31:21
249,Chimbote,-9.0853,-78.5783,70.86,83,83,7.78,broken clouds,PE,2021-04-10 21:31:22
250,Miquelon,47.0975,-56.3814,42.8,61,75,11.5,broken clouds,PM,2021-04-10 21:31:22
251,Tansen,27.8673,83.5467,57.42,9,1,7.05,clear sky,NP,2021-04-10 21:31:22
252,Komsomolskiy,40.4272,71.7189,55.4,44,1,4.61,clear sky,UZ,2021-04-10 21:31:23
253,Chara,56.9064,118.2631,-2.67,75,68,2.17,broken clouds,RU,2021-04-10 21:31:23
254,Salo,45.6086,10.531,54.0,62,90,6.91,overcast clouds,IT,2021-04-10 21:31:23
255,Zaoyang,32.1272,112.7542,57.49,73,100,4.0,overcast clouds,CN,2021-04-10 21:31:24
256,Bukachacha,52.9833,116.9167,17.53,56,70,3.8,broken clouds,RU,2021-04-10 21:31:24
257,Batemans Bay,-35.7167,150.1833,53.01,60,1,1.99,clear sky,AU,2021-04-10 21:31:24
258,Alugan,12.2188,125.4808,78.82,81,69,9.8,broken clouds,PH,2021-04-10 21:31:25
259,Devonport,-41.1667,146.35,44.01,78,23,14.14,few clouds,AU,2021-04-10 21:31:25
260,Zaraza,9.3503,-65.3245,83.59,62,100,9.15,overcast clouds,VE,2021-04-10 21:31:25
261,Gander,48.9682,-54.5906,30.2,93,90,23.02,snow,CA,2021-04-10 21:31:26
262,Padang,-0.9492,100.3543,77.0,94,40,2.3,scattered clouds,ID,2021-04-10 21:31:26
263,Iqaluit,63.7506,-68.5145,23.0,86,90,13.8,overcast clouds,CA,2021-04-10 21:31:26
264,Adrar,20.5022,-10.0711,80.31,19,2,13.27,clear sky,MR,2021-04-10 21:31:27
265,Havre-Saint-Pierre,50.2334,-63.5986,41.0,38,90,10.36,overcast clouds,CA,2021-04-10 21:31:27
266,Krasnoselkup,65.7,82.4667,32.7,85,100,9.66,overcast clouds,RU,2021-04-10 21:31:27
267,Point Pleasant,40.0832,-74.0682,66.99,72,20,9.22,few clouds,US,2021-04-10 21:31:28
268,Santiago,-33.4569,-70.6483,72.0,24,0,6.91,clear sky,CL,2021-04-10 21:29:57
269,Vilanova Del Cami,41.5717,1.6375,52.0,89,28,1.01,scattered clouds,ES,2021-04-10 21:31:29
270,Kitimat,54.0524,-128.6534,42.01,62,97,1.99,overcast clouds,CA,2021-04-10 21:31:29
271,Tual,-5.6667,132.75,83.19,62,100,8.21,overcast clouds,ID,2021-04-10 21:31:29
272,Margate,51.3813,1.3862,41.0,78,100,7.0,light rain,GB,2021-04-10 21:30:28
273,Roth,49.245,11.0911,50.0,76,0,5.75,clear sky,DE,2021-04-10 21:31:30
274,Orlik,52.5178,99.825,13.06,88,64,3.06,broken clouds,RU,2021-04-10 21:31:30
275,Nouadhibou,20.931,-17.0347,69.8,64,46,16.11,scattered clouds,MR,2021-04-10 21:31:30
276,Binzhou,37.3667,118.0167,50.22,64,93,7.74,overcast clouds,CN,2021-04-10 21:31:31
277,Goma,-1.6792,29.2228,63.41,90,100,1.5,light rain,CD,2021-04-10 21:31:31
278,Cascais,38.6979,-9.4215,60.01,94,40,3.44,scattered clouds,PT,2021-04-10 21:31:31
279,Salamiyah,35.0113,37.0532,45.3,76,60,16.96,broken clouds,SY,2021-04-10 21:31:32
280,Avera,33.194,-82.5271,69.8,94,90,10.36,overcast clouds,US,2021-04-10 21:31:32
281,Beringovskiy,63.05,179.3167,7.54,92,100,21.88,light snow,RU,2021-04-10 21:31:32
282,Fortuna,40.5982,-124.1573,57.0,71,75,19.57,broken clouds,US,2021-04-10 21:31:33
283,Machali,-34.1833,-70.6667,68.0,42,0,6.91,clear sky,CL,2021-04-10 21:31:33
284,Xingyi,24.1877,102.817,54.81,96,7,3.69,clear sky,CN,2021-04-10 21:31:33
285,Morondava,-20.2833,44.2833,78.04,72,100,7.78,overcast clouds,MG,2021-04-10 21:31:34
286,Usevya,-7.1,31.2333,64.9,94,100,3.94,overcast clouds,TZ,2021-04-10 21:31:34
287,Hay River,60.8156,-115.7999,5.0,66,100,9.22,overcast clouds,CA,2021-04-10 21:31:34
288,Luganville,-15.5333,167.1667,78.91,82,100,4.18,overcast clouds,VU,2021-04-10 21:31:35
289,Moerai,-22.4333,-151.3333,78.75,78,99,14.34,overcast clouds,PF,2021-04-10 21:31:35
290,Kushmurun,52.4503,64.6311,30.99,95,95,5.37,overcast clouds,KZ,2021-04-10 21:31:35
291,Tobol,52.6844,62.5794,31.75,98,90,6.13,overcast clouds,KZ,2021-04-10 21:31:36
292,San Quintin,30.4833,-115.95,65.73,67,65,16.82,broken clouds,MX,2021-04-10 21:31:36
293,Santa Ines,-3.6667,-45.38,78.35,83,100,2.24,overcast clouds,BR,2021-04-10 21:28:07
294,Kulhudhuffushi,6.6221,73.07,82.51,69,5,2.84,clear sky,MV,2021-04-10 21:31:37
295,Muzhi,65.3667,64.6667,28.0,88,5,9.44,clear sky,RU,2021-04-10 21:31:37
296,Grafton,42.207,-71.6856,71.6,43,1,13.8,clear sky,US,2021-04-10 21:31:37
297,Whitehorse,60.7161,-135.0538,3.99,43,75,5.75,broken clouds,CA,2021-04-10 21:28:08
298,Faro,37.0194,-7.9322,62.6,94,75,9.22,broken clouds,PT,2021-04-10 21:31:38
299,Eldoret,0.5204,35.2699,60.8,88,75,2.3,light rain,KE,2021-04-10 21:31:38
300,Grindavik,63.8424,-22.4338,33.8,93,90,11.5,overcast clouds,IS,2021-04-10 21:31:39
301,Diffa,13.3154,12.6113,87.01,11,90,6.69,overcast clouds,NE,2021-04-10 21:31:39
302,Eyl,7.9803,49.8164,79.02,69,3,9.42,clear sky,SO,2021-04-10 21:29:08
303,Moose Factory,51.2585,-80.6094,57.2,77,90,5.75,overcast clouds,CA,2021-04-10 21:31:39
304,Barrow,71.2906,-156.7887,-9.4,70,1,11.5,clear sky,US,2021-04-10 21:31:04
305,Awjilah,29.1081,21.2869,60.13,26,53,8.34,broken clouds,LY,2021-04-10 21:31:40
306,Luderitz,-26.6481,15.1594,72.46,53,0,6.93,clear sky,NA,2021-04-10 21:31:40
307,Shambu,9.5667,37.1,60.26,27,67,1.7,broken clouds,ET,2021-04-10 21:31:40
308,Charyshskoye,51.3978,83.5598,24.96,89,7,5.66,clear sky,RU,2021-04-10 21:31:41
309,Rovaniemi,66.5,25.7167,28.4,93,90,10.36,overcast clouds,FI,2021-04-10 21:31:41
310,Waitati,-45.75,170.5667,65.05,58,28,2.8,scattered clouds,NZ,2021-04-10 21:31:41
311,San Patricio,28.017,-97.5169,89.6,33,1,9.22,clear sky,US,2021-04-10 21:31:42
312,Longyearbyen,78.2186,15.6401,21.2,68,75,19.57,broken clouds,SJ,2021-04-10 21:31:42
313,Acarau,-2.8856,-40.12,80.91,80,58,15.01,broken clouds,BR,2021-04-10 21:31:42
314,Omboue,-1.5746,9.2618,78.8,86,100,4.05,overcast clouds,GA,2021-04-10 21:31:43
315,Coos Bay,43.3665,-124.2179,53.01,58,40,14.97,scattered clouds,US,2021-04-10 21:31:43
316,Muros,42.7762,-9.0603,55.0,83,98,13.94,overcast clouds,ES,2021-04-10 21:31:43
317,Rongcheng,30.634,117.8517,57.02,75,100,1.28,moderate rain,CN,2021-04-10 21:31:44
318,Maningrida,-12.0667,134.2667,76.59,88,85,2.86,overcast clouds,AU,2021-04-10 21:31:44
319,Barquisimeto,10.0739,-69.3228,82.4,54,75,6.91,broken clouds,VE,2021-04-10 21:31:45
320,Sibolga,1.7427,98.7792,75.7,89,83,2.13,broken clouds,ID,2021-04-10 21:31:45
321,Goderich,43.7501,-81.7165,73.4,43,100,2.3,overcast clouds,CA,2021-04-10 21:31:45
322,Chisinau,47.0056,28.8575,42.8,45,0,5.75,light rain,MD,2021-04-10 21:31:46
323,Saurimo,-9.6608,20.3916,60.08,98,86,3.65,overcast clouds,AO,2021-04-10 21:31:46
324,Nuuk,64.1835,-51.7216,28.4,93,90,8.05,overcast clouds,GL,2021-04-10 21:31:46
325,Sisimiut,66.9395,-53.6735,26.76,82,100,3.62,overcast clouds,GL,2021-04-10 21:31:47
326,Georgiyevka,43.0369,74.7114,48.2,71,0,6.71,mist,KZ,2021-04-10 21:31:47
327,Salalah,17.0151,54.0924,80.6,74,20,3.44,few clouds,OM,2021-04-10 21:31:47
328,Duiwelskloof,-23.6934,30.14,62.51,74,0,2.15,clear sky,ZA,2021-04-10 21:31:48
329,Obala,4.1667,11.5333,73.4,83,20,3.83,light rain,CM,2021-04-10 21:31:48
330,Middle Island,40.8843,-72.9373,61.0,67,1,9.22,clear sky,US,2021-04-10 21:31:48
331,Port Blair,11.6667,92.75,78.8,89,20,2.3,mist,IN,2021-04-10 21:31:49
332,Kuruman,-27.4524,23.4325,70.59,36,0,3.38,clear sky,ZA,2021-04-10 21:31:49
333,Albanel,48.8832,-72.4487,60.8,41,100,9.22,overcast clouds,CA,2021-04-10 21:27:54
334,Touros,-5.1989,-35.4608,78.8,83,75,6.91,broken clouds,BR,2021-04-10 21:31:49
335,Krasnovishersk,60.4078,57.082,34.11,99,100,2.48,moderate rain,RU,2021-04-10 21:31:50
336,Yining,29.0361,114.5636,56.08,97,89,1.92,overcast clouds,CN,2021-04-10 21:31:50
337,Cayenne,4.9333,-52.3333,77.0,94,90,5.75,light rain,GF,2021-04-10 21:31:50
338,Guozhen,34.3659,107.359,52.34,91,100,0.98,overcast clouds,CN,2021-04-10 21:31:51
339,Kuala Terengganu,5.3302,103.1408,78.8,94,20,1.14,light rain,MY,2021-04-10 21:31:51
340,Dutse,11.7594,9.3392,85.68,7,98,7.14,overcast clouds,NG,2021-04-10 21:31:51
341,General Pico,-35.6566,-63.7568,53.42,92,100,15.61,overcast clouds,AR,2021-04-10 21:31:52
342,Aklavik,68.2191,-135.0107,-4.0,54,20,11.5,few clouds,CA,2021-04-10 21:31:52
343,Vardo,70.3705,31.1107,31.3,69,41,16.24,scattered clouds,NO,2021-04-10 21:31:53
344,Praia Da Vitoria,38.7333,-27.0667,61.0,94,75,18.86,broken clouds,PT,2021-04-10 21:31:53
345,Ponta Delgada,37.7333,-25.6667,62.6,94,75,9.22,mist,PT,2021-04-10 21:31:53
346,Pathankot,32.2833,75.65,69.13,20,3,6.53,clear sky,IN,2021-04-10 21:31:54
347,Beaverlodge,55.2166,-119.4361,23.0,68,75,23.02,broken clouds,CA,2021-04-10 21:31:54
348,Jiwani,25.05,61.7417,78.15,71,0,8.48,clear sky,PK,2021-04-10 21:31:54
349,Sur,22.5667,59.5289,80.06,63,1,10.76,clear sky,OM,2021-04-10 21:31:55
350,Ajdabiya,30.7554,20.2263,61.12,32,34,8.86,scattered clouds,LY,2021-04-10 21:31:55
351,The Valley,18.217,-63.0578,82.4,50,20,9.22,few clouds,AI,2021-04-10 21:31:55
352,Lodja,-3.4833,23.4333,71.53,89,100,2.77,overcast clouds,CD,2021-04-10 21:27:55
353,San Felix,-32.3333,-58.1333,75.47,91,70,6.8,light rain,UY,2021-04-10 21:31:56
354,Faanui,-16.4833,-151.75,82.02,71,69,10.78,broken clouds,PF,2021-04-10 21:31:56
355,Thai Nguyen,21.5928,105.8442,68.0,100,90,3.44,light intensity drizzle,VN,2021-04-10 21:31:57
356,Shaoyang,27.2315,111.4525,55.47,95,100,2.53,light rain,CN,2021-04-10 21:31:57
357,Namibe,-15.1961,12.1522,78.78,73,16,6.53,few clouds,AO,2021-04-10 21:31:57
358,Raton,36.9034,-104.4391,66.0,7,1,4.88,clear sky,US,2021-04-10 21:31:58
359,Buarcos,40.166,-8.8768,59.0,94,40,2.3,scattered clouds,PT,2021-04-10 21:31:58
360,Bairiki,1.3292,172.9752,80.6,83,75,5.75,light rain,KI,2021-04-10 21:31:58
361,Springdale,36.1867,-94.1288,57.2,71,75,11.5,broken clouds,US,2021-04-10 21:31:59
362,Jimma,7.6667,36.8333,65.17,56,100,2.77,light rain,ET,2021-04-10 21:31:59
363,Kudahuvadhoo,2.6708,72.8944,82.4,75,25,11.34,scattered clouds,MV,2021-04-10 21:31:59
364,Mandalgovi,45.7625,106.2708,34.93,65,8,9.62,clear sky,MN,2021-04-10 21:31:59
365,Cloquet,46.7216,-92.4594,46.99,70,90,9.22,overcast clouds,US,2021-04-10 21:32:00
366,Tuban,-6.8976,112.0649,77.81,88,95,5.01,overcast clouds,ID,2021-04-10 21:32:00
367,Kidal,18.4411,1.4078,88.23,8,0,6.35,clear sky,ML,2021-04-10 21:32:00
368,Khandyga,62.6667,135.6,15.04,87,100,11.41,light snow,RU,2021-04-10 21:32:01
369,Pangkalanbuun,-2.6833,111.6167,74.37,97,74,0.63,broken clouds,ID,2021-04-10 21:32:01
370,Nichinan,31.6,131.3667,48.2,81,75,9.22,broken clouds,JP,2021-04-10 21:32:01
371,Francisco Sa,-16.4758,-43.4883,75.2,53,0,8.05,clear sky,BR,2021-04-10 21:32:02
372,Englewood,39.6478,-104.9878,69.01,13,0,3.0,clear sky,US,2021-04-10 21:32:02
373,Namatanai,-3.6667,152.4333,80.65,82,100,8.23,light rain,PG,2021-04-10 21:32:02
374,Mayo,38.8876,-76.5119,70.0,77,1,6.91,clear sky,US,2021-04-10 21:32:03
375,Mitla,16.9167,-96.4,87.8,14,75,8.05,broken clouds,MX,2021-04-10 21:32:03
376,Fort Wellington,6.4,-57.6,78.69,81,88,8.79,overcast clouds,GY,2021-04-10 21:32:05
377,Rafai,4.95,23.9167,69.62,92,97,0.83,overcast clouds,CF,2021-04-10 21:32:05
378,Najran,17.4924,44.1277,75.2,19,0,4.83,clear sky,SA,2021-04-10 21:32:06
379,Marawi,7.9986,124.2928,75.99,93,97,3.0,overcast clouds,PH,2021-04-10 21:32:06
380,Lamar,33.6668,-95.5836,68.0,42,1,13.8,clear sky,US,2021-04-10 21:32:06
381,Fenoarivo,-18.933,47.4354,64.4,88,20,9.22,few clouds,MG,2021-04-10 21:32:07
382,Bosobolo,4.1833,19.9,77.05,66,92,2.51,overcast clouds,CD,2021-04-10 21:32:07
383,Saint-Georges,12.0564,-61.7485,84.2,70,40,10.36,scattered clouds,GD,2021-04-10 21:32:07
384,Burlington,39.8835,-74.6413,73.4,56,20,5.1,few clouds,US,2021-04-10 21:32:08
385,Lugo,43.0,-7.5,53.01,98,100,5.99,light rain,ES,2021-04-10 21:32:08
386,San Juan,-31.5375,-68.5364,54.25,76,100,17.22,overcast clouds,AR,2021-04-10 21:32:09
387,Krasnyy Chikoy,50.3643,108.7512,27.72,55,100,5.53,overcast clouds,RU,2021-04-10 21:32:09
388,Saint George,37.1041,-113.5841,82.99,8,1,3.44,clear sky,US,2021-04-10 21:31:02
389,Le Port,-20.9373,55.2919,77.0,83,75,12.66,light rain,RE,2021-04-10 21:32:09
390,Dongsheng,39.8161,109.9776,45.37,75,100,11.88,overcast clouds,CN,2021-04-10 21:32:10
391,Gamba,-2.65,10.0,77.38,89,100,3.78,overcast clouds,GA,2021-04-10 21:32:10
392,Torbay,47.6666,-52.7314,33.01,93,90,17.27,snow,CA,2021-04-10 21:32:10
393,Pangnirtung,66.1451,-65.7125,28.33,86,100,3.62,overcast clouds,CA,2021-04-10 21:32:11
394,Ornes,66.8689,13.7078,35.6,87,75,26.46,light rain and snow,NO,2021-04-10 21:32:11
395,Boyabat,41.4689,34.7667,37.83,82,99,4.34,light rain,TR,2021-04-10 21:32:11
396,Hamilton,39.1834,-84.5333,62.01,94,100,1.01,moderate rain,US,2021-04-10 21:28:15
397,Ponerihouen,-21.0833,165.4,77.52,89,100,6.2,overcast clouds,NC,2021-04-10 21:32:12
398,Sindor,62.8629,51.8905,31.5,91,1,7.43,clear sky,RU,2021-04-10 21:32:13
399,Solnechnyy,50.7214,136.6319,41.25,68,100,9.35,moderate rain,RU,2021-04-10 21:32:14
400,Devils Lake,48.1128,-98.8651,59.0,18,1,3.44,clear sky,US,2021-04-10 21:32:14
401,Puerto Escondido,15.85,-97.0667,86.0,70,20,8.05,few clouds,MX,2021-04-10 21:32:14
402,Birao,10.2849,22.7882,79.81,9,81,5.7,broken clouds,CF,2021-04-10 21:32:15
403,Babai,22.7,77.9333,82.72,30,34,8.39,scattered clouds,IN,2021-04-10 21:32:15
404,Vilcun,-38.65,-72.2333,57.2,67,40,2.3,scattered clouds,CL,2021-04-10 21:32:15
405,Moindou,-21.6924,165.677,77.0,94,90,2.3,overcast clouds,NC,2021-04-10 21:32:16
406,Kenai,60.5544,-151.2583,21.2,41,1,11.5,clear sky,US,2021-04-10 21:32:16
407,San Joaquin,37.9333,-121.3011,73.0,40,1,11.5,clear sky,US,2021-04-10 21:32:16
408,Chabahar,25.2919,60.643,76.59,74,0,1.9,clear sky,IR,2021-04-10 21:32:17
409,Broome,42.2506,-75.833,71.6,35,1,10.36,clear sky,US,2021-04-10 21:32:17
410,Quime,-16.9833,-67.2167,53.42,93,100,4.32,overcast clouds,BO,2021-04-10 21:32:17
411,Tamandare,-8.7597,-35.1047,77.68,88,92,9.35,overcast clouds,BR,2021-04-10 21:32:18
412,Hobyo,5.3505,48.5268,82.76,63,6,15.26,clear sky,SO,2021-04-10 21:32:18
413,Whitecourt,54.1502,-115.6855,32.0,69,90,19.57,overcast clouds,CA,2021-04-10 21:32:19
414,Vaitape,-16.5167,-151.75,82.0,71,74,10.78,broken clouds,PF,2021-04-10 21:32:19
415,Praia,14.9215,-23.5087,73.4,60,0,19.57,clear sky,CV,2021-04-10 21:32:19
416,Katangli,51.7102,143.2326,31.32,81,61,7.94,broken clouds,RU,2021-04-10 21:32:20
417,Odweyne,9.4092,45.064,73.92,32,39,6.98,scattered clouds,SO,2021-04-10 21:32:20
418,Abhar,36.1468,49.218,56.05,57,86,3.31,overcast clouds,IR,2021-04-10 21:32:20
419,Bridgton,44.0548,-70.7128,72.0,45,28,3.0,scattered clouds,US,2021-04-10 21:32:21
420,Port Lincoln,-34.7333,135.8667,58.12,65,92,13.69,overcast clouds,AU,2021-04-10 21:32:21
421,Burnie,-41.0667,145.9167,43.0,80,42,18.01,scattered clouds,AU,2021-04-10 21:32:22
422,Brae,60.3964,-1.353,32.0,86,40,4.61,scattered clouds,GB,2021-04-10 21:32:22
423,Skelleftea,64.7507,20.9528,30.99,69,100,6.91,overcast clouds,SE,2021-04-10 21:32:22
424,Port Hardy,50.6996,-127.4199,44.6,53,40,9.22,scattered clouds,CA,2021-04-10 21:32:23
425,Opuwo,-18.0607,13.84,70.83,32,4,9.24,clear sky,NA,2021-04-10 21:31:34
426,Havelock,34.8791,-76.9013,73.99,64,75,10.36,broken clouds,US,2021-04-10 21:32:23
427,Jhunjhunun,28.1307,75.4014,74.3,11,6,4.5,clear sky,IN,2021-04-10 21:32:24
428,San Jose,37.3394,-121.895,73.0,42,75,8.05,broken clouds,US,2021-04-10 21:31:33
429,Beisfjord,68.3751,17.5988,33.8,93,90,21.85,light snow,NO,2021-04-10 21:32:24
430,Caceres,39.522,-6.3748,54.0,92,100,1.01,light rain,ES,2021-04-10 21:32:24
431,Hervey Bay,-25.2986,152.8535,72.0,81,84,1.01,broken clouds,AU,2021-04-10 21:32:25
432,Shingu,33.7333,135.9833,52.11,73,0,6.04,clear sky,JP,2021-04-10 21:32:25
433,Buala,-8.145,159.5921,81.81,75,100,3.71,overcast clouds,SB,2021-04-10 21:32:25
434,Byron Bay,-28.65,153.6167,66.2,68,32,11.5,scattered clouds,AU,2021-04-10 21:28:40
435,Vila Velha,-20.3297,-40.2925,77.0,73,0,5.75,clear sky,BR,2021-04-10 21:32:26
436,Perth,-31.9333,115.8333,64.99,68,100,13.8,overcast clouds,AU,2021-04-10 21:30:37
437,Srednekolymsk,67.45,153.6833,-10.91,94,100,8.01,overcast clouds,RU,2021-04-10 21:32:27
438,Urumqi,43.801,87.6005,51.8,50,0,4.47,clear sky,CN,2021-04-10 21:32:11
439,Pisco,-13.7,-76.2167,73.4,64,0,8.05,clear sky,PE,2021-04-10 21:32:27
440,Poum,-20.2333,164.0167,79.0,81,98,14.29,overcast clouds,NC,2021-04-10 21:32:27
441,Tucurui,-3.7661,-49.6725,78.91,80,86,1.81,overcast clouds,BR,2021-04-10 21:32:28
442,Glyadyanskoye,54.9075,65.0883,33.31,93,95,5.26,overcast clouds,RU,2021-04-10 21:32:28
443,San Pedro,14.35,121.0167,80.01,83,40,3.44,scattered clouds,PH,2021-04-10 21:32:28
444,Cheney,47.4874,-117.5758,48.2,18,75,19.57,broken clouds,US,2021-04-10 21:32:29
445,Filadelfia,39.9523,-75.1638,73.99,64,75,11.5,broken clouds,US,2021-04-10 21:30:12
446,Asau,46.4333,26.4,41.0,44,1,3.24,light rain,RO,2021-04-10 21:32:29
447,Ambon,-3.6954,128.1814,73.4,88,20,9.22,few clouds,ID,2021-04-10 21:32:30
448,Daigo,36.7667,140.35,37.4,87,20,3.44,few clouds,JP,2021-04-10 21:32:30
449,Kodiak,57.79,-152.4072,33.8,69,90,9.22,overcast clouds,US,2021-04-10 21:32:30
450,Viedma,-40.8135,-62.9967,63.0,50,100,4.09,overcast clouds,AR,2021-04-10 21:32:31
451,Fayaoue,-20.65,166.5333,80.58,86,96,15.95,overcast clouds,NC,2021-04-10 21:32:31
452,Thessalon,46.2501,-83.5666,60.8,59,1,8.05,clear sky,CA,2021-04-10 21:32:31
453,Kiunga,-6.1219,141.2906,74.35,97,91,1.9,overcast clouds,PG,2021-04-10 21:32:32
454,Condado,21.8767,-79.8403,86.0,58,37,16.11,scattered clouds,CU,2021-04-10 21:32:32
455,Egvekinot,66.3167,-179.1667,-0.33,76,100,12.91,overcast clouds,RU,2021-04-10 21:32:32
456,Peniche,39.3558,-9.3811,60.01,91,11,3.0,few clouds,PT,2021-04-10 21:27:54
457,Colgong,25.2667,87.2167,77.92,48,0,6.46,clear sky,IN,2021-04-10 21:32:33
458,La Palma,33.8464,-118.0467,79.0,56,75,6.91,broken clouds,US,2021-04-10 21:32:33
459,Lompoc,34.6391,-120.4579,62.6,51,46,18.41,scattered clouds,US,2021-04-10 21:32:33
460,Pendencias,-5.26,-36.7222,82.49,65,89,14.85,overcast clouds,BR,2021-04-10 21:32:34
461,Santa Cruz,-17.8,-63.1667,80.6,74,75,16.11,broken clouds,BO,2021-04-10 21:32:34
462,Sorland,67.667,12.6934,35.87,88,100,26.04,light rain,NO,2021-04-10 21:32:34
463,Zhuanghe,39.7008,122.9911,46.99,89,100,1.01,overcast clouds,CN,2021-04-10 21:32:35
464,Mezen,65.8522,44.24,38.64,88,100,14.74,overcast clouds,RU,2021-04-10 21:32:35
465,Ekibastuz,51.6667,75.3667,33.67,89,60,13.38,broken clouds,KZ,2021-04-10 21:32:35
466,Nacala,-14.5428,40.6728,73.58,96,100,6.71,overcast clouds,MZ,2021-04-10 21:32:36
467,Kiruna,67.8557,20.2251,23.0,74,45,12.66,scattered clouds,SE,2021-04-10 21:32:36
468,Jansath,29.3333,77.85,71.91,16,0,5.97,clear sky,IN,2021-04-10 21:32:36
469,Tazmalt,36.3868,4.3989,61.81,60,100,4.47,overcast clouds,DZ,2021-04-10 21:32:37
470,Valdivia,-39.8142,-73.2459,60.8,51,40,6.91,scattered clouds,CL,2021-04-10 21:30:48
471,Miles City,46.4083,-105.8406,69.8,14,20,11.5,few clouds,US,2021-04-10 21:32:37
472,Jalu,29.0331,21.5482,59.68,26,55,8.95,broken clouds,LY,2021-04-10 21:32:38
473,Camara De Lobos,32.6333,-16.9667,64.4,88,75,2.3,broken clouds,PT,2021-04-10 21:32:38
474,Zyryanka,65.75,150.85,-3.33,90,100,14.65,overcast clouds,RU,2021-04-10 21:32:38
475,Anloga,5.7947,0.8973,84.2,79,20,8.05,few clouds,GH,2021-04-10 21:32:39
476,Jumla,29.2747,82.1838,40.68,23,0,5.26,clear sky,NP,2021-04-10 21:32:39
477,Taman,45.2117,36.7161,44.6,70,100,6.71,overcast clouds,RU,2021-04-10 21:32:39
478,Colquechaca,-18.6667,-66.0167,42.35,62,97,5.68,moderate rain,BO,2021-04-10 21:32:40
479,Boa Esperanca,-21.09,-45.5658,64.87,69,0,2.24,clear sky,BR,2021-04-10 21:32:40
480,Malanje,-9.5402,16.341,64.31,94,100,3.33,overcast clouds,AO,2021-04-10 21:32:40
481,Ewa Beach,21.3156,-158.0072,78.8,53,40,10.36,scattered clouds,US,2021-04-10 21:32:41
482,Lesnoy,57.6198,63.0784,38.1,96,100,10.65,overcast clouds,RU,2021-04-10 21:32:41
483,Rio Muerto,27.4167,-110.2333,82.4,42,20,10.36,few clouds,MX,2021-04-10 21:32:42
484,Onufriyivka,48.9072,33.4487,42.84,45,3,5.99,clear sky,UA,2021-04-10 21:32:42
485,Irati,-25.4672,-50.6511,64.63,69,0,2.26,clear sky,BR,2021-04-10 21:31:01
486,Tombouctou,20.0,-3.0,87.69,10,0,7.83,clear sky,ML,2021-04-10 21:32:42
487,Talara,-4.5772,-81.2719,82.4,61,0,11.5,clear sky,PE,2021-04-10 21:32:43
488,Isabela,6.7085,121.9711,78.8,83,75,5.75,broken clouds,PH,2021-04-10 21:32:43
489,Trincomalee,8.5711,81.2335,81.14,76,64,4.83,broken clouds,LK,2021-04-10 21:32:43
490,Acapulco,16.8634,-99.8901,86.0,66,1,6.91,clear sky,MX,2021-04-10 21:32:44
491,Harper,4.375,-7.7169,80.49,82,99,6.96,overcast clouds,LR,2021-04-10 21:32:44
492,Faya,18.3851,42.4509,66.2,25,20,4.61,few clouds,SA,2021-04-10 21:32:44
493,Muravlenko,63.7898,74.523,32.85,83,96,6.6,overcast clouds,RU,2021-04-10 21:32:45
494,Cacoal,-11.4386,-61.4472,75.07,94,100,0.81,overcast clouds,BR,2021-04-10 21:32:45
495,Aqtobe,50.2797,57.2072,39.2,81,0,8.95,clear sky,KZ,2021-04-10 21:32:45
496,Vanimo,-2.6741,141.3028,78.22,88,100,9.1,overcast clouds,PG,2021-04-10 21:32:46
497,Corning,42.1428,-77.0547,75.2,31,1,13.8,clear sky,US,2021-04-10 21:32:46
498,Great Yarmouth,52.6083,1.7305,41.0,65,84,5.75,broken clouds,GB,2021-04-10 21:32:46
499,Tianmen,30.6516,113.1603,57.2,89,100,3.4,overcast clouds,CN,2021-04-10 21:32:47
500,Ugoofaaru,5.6667,73.0,82.62,68,16,3.87,few clouds,MV,2021-04-10 21:32:47
501,Natal,-5.795,-35.2094,78.8,88,40,5.75,scattered clouds,BR,2021-04-10 21:32:47
502,Tommot,58.9564,126.2925,7.92,91,100,8.75,overcast clouds,RU,2021-04-10 21:32:48
503,Wankaner,22.6167,70.9333,80.38,39,0,7.38,clear sky,IN,2021-04-10 21:32:48
504,Mashhad,36.297,59.6062,62.6,39,0,6.91,clear sky,IR,2021-04-10 21:32:48
505,Huilong,31.8111,121.655,59.0,90,100,5.99,overcast clouds,CN,2021-04-10 21:32:49
506,Koundara,12.4833,-13.3,91.58,20,2,6.46,clear sky,GN,2021-04-10 21:32:49
507,Zhanaozen,43.3,52.8,67.06,25,7,19.13,clear sky,KZ,2021-04-10 21:32:50
508,Mangan,27.5167,88.5333,61.72,49,4,8.25,clear sky,IN,2021-04-10 21:32:50
509,Aswan,24.0934,32.907,64.51,25,0,17.31,clear sky,EG,2021-04-10 21:32:50
510,Yumen,40.2833,97.2,49.46,50,84,14.52,broken clouds,CN,2021-04-10 21:32:51
511,Oyama,36.3,139.8,50.0,87,20,3.44,few clouds,JP,2021-04-10 21:32:51
512,Torbat-E Jam,35.244,60.6225,64.72,31,24,7.27,few clouds,IR,2021-04-10 21:32:51
513,Denpasar,-8.65,115.2167,78.8,89,40,3.44,scattered clouds,ID,2021-04-10 21:30:05
514,Matara,5.9485,80.5353,76.82,84,27,2.24,scattered clouds,LK,2021-04-10 21:32:52
515,Olafsvik,64.8945,-23.7142,39.16,91,100,12.57,overcast clouds,IS,2021-04-10 21:32:52
516,Drawsko Pomorskie,53.5306,15.8097,37.0,72,98,1.01,overcast clouds,PL,2021-04-10 21:32:52
517,Tecoanapa,16.5167,-98.75,84.76,53,0,12.33,clear sky,MX,2021-04-10 21:32:53
518,Bom Jesus,-9.0744,-44.3586,81.41,50,98,3.74,overcast clouds,BR,2021-04-10 21:32:53
519,Yulara,-25.2406,130.9889,60.8,48,0,9.22,clear sky,AU,2021-04-10 21:32:53
520,Ostrovnoy,68.0531,39.5131,32.47,84,47,24.74,scattered clouds,RU,2021-04-10 21:32:54
521,Huejuquilla El Alto,22.6,-103.8667,85.68,6,3,18.41,clear sky,MX,2021-04-10 21:32:54
522,Bahia Honda,22.9036,-83.1592,83.73,64,59,15.05,broken clouds,CU,2021-04-10 21:32:54
523,Houma,29.5958,-90.7195,73.4,73,90,9.22,overcast clouds,US,2021-04-10 21:32:20
524,Mangrol,21.1167,70.1167,78.06,69,0,10.56,clear sky,IN,2021-04-10 21:32:55
525,Russkaya Polyana,49.417,31.9201,40.75,49,0,3.67,clear sky,UA,2021-04-10 21:32:55
526,Matamoros,25.5333,-103.25,93.2,5,1,3.74,clear sky,MX,2021-04-10 21:32:26
527,Karratha,-20.7377,116.8463,82.72,76,69,12.84,broken clouds,AU,2021-04-10 21:32:55
528,Pacifica,37.6138,-122.4869,57.0,67,1,19.57,haze,US,2021-04-10 21:32:56
529,Kamenka,51.3223,42.7678,37.99,90,88,11.79,overcast clouds,RU,2021-04-10 21:32:56
530,Boralday,43.3578,76.8594,46.4,66,40,4.47,scattered clouds,KZ,2021-04-10 21:32:57
531,Svolvaer,68.2342,14.5683,36.0,81,100,8.01,light rain,NO,2021-04-10 21:32:57
532,Nador,35.174,-2.9287,60.8,88,0,1.3,clear sky,MA,2021-04-10 21:32:33
533,Trenggalek,-8.05,111.7167,75.47,92,82,1.23,broken clouds,ID,2021-04-10 21:32:57
534,Kerrville,30.0474,-99.1403,79.0,13,1,8.05,clear sky,US,2021-04-10 21:32:58
535,Tchollire,8.4022,14.1698,83.16,42,55,4.38,broken clouds,CM,2021-04-10 21:32:58
536,Dicabisagan,17.0818,122.4157,73.87,83,96,5.19,overcast clouds,PH,2021-04-10 21:32:58
537,Aosta,45.7667,7.4167,43.0,82,100,3.15,light rain,IT,2021-04-10 21:32:59
538,Sobolevo,54.4299,31.8996,40.24,70,17,10.38,few clouds,RU,2021-04-10 21:32:59
539,Itarema,-2.9248,-39.9167,80.74,80,49,14.16,scattered clouds,BR,2021-04-10 21:32:59
540,Coahuayana,18.7333,-103.6833,87.8,35,1,8.63,clear sky,MX,2021-04-10 21:33:00
541,General Roca,-39.0333,-67.5833,68.0,49,20,6.91,few clouds,AR,2021-04-10 21:33:00
542,Isla Mujeres,21.2311,-86.731,86.0,70,75,13.8,broken clouds,MX,2021-04-10 21:29:01
543,Havoysund,70.9963,24.6622,32.0,64,90,14.97,light snow,NO,2021-04-10 21:33:01
544,Zhezkazgan,47.8043,67.7144,39.36,69,8,25.86,clear sky,KZ,2021-04-10 21:33:01
545,Turbat,26.0023,63.044,76.44,40,0,3.42,clear sky,PK,2021-04-10 21:33:01
546,Saint-Joseph,-21.3667,55.6167,78.8,69,0,3.44,light rain,RE,2021-04-10 21:33:02
547,Severodvinsk,64.5635,39.8302,39.2,75,40,6.71,scattered clouds,RU,2021-04-10 21:33:02
548,Kamaishi,39.2667,141.8833,43.86,45,0,3.53,clear sky,JP,2021-04-10 21:33:03
549,Moyale,3.5167,39.0584,68.74,74,65,4.59,light rain,KE,2021-04-10 21:33:03
550,Malyye Derbety,47.9547,44.6808,47.8,88,100,6.4,light rain,RU,2021-04-10 21:33:03
551,Oystese,60.3882,6.1925,34.0,93,69,1.99,broken clouds,NO,2021-04-10 21:33:04
552,Serowe,-22.3833,26.7167,63.41,57,0,4.32,clear sky,BW,2021-04-10 21:33:04
553,Escarcega,18.6089,-90.7454,106.81,16,20,2.77,few clouds,MX,2021-04-10 21:31:14
554,Quelimane,-17.8786,36.8883,75.2,88,75,2.3,light rain,MZ,2021-04-10 21:32:20
555,Magadan,59.5667,150.8,11.64,70,77,10.33,broken clouds,RU,2021-04-10 21:33:05
556,Auki,-8.7676,160.7034,80.46,80,100,4.32,moderate rain,SB,2021-04-10 21:33:05
557,Fort Nelson,58.8053,-122.7002,19.4,49,75,0.65,broken clouds,CA,2021-04-10 21:33:06
558,Caraballeda,10.6112,-66.8522,73.99,88,94,7.31,light rain,VE,2021-04-10 21:32:08
559,Nakasongola,1.3089,32.4564,65.61,92,100,5.12,light rain,UG,2021-04-10 21:33:06
560,Morgan City,29.6994,-91.2068,73.4,83,90,6.91,overcast clouds,US,2021-04-10 21:33:06
561,Victor Harbor,-35.5667,138.6167,59.0,66,100,8.99,overcast clouds,AU,2021-04-10 21:33:07
562,Kundian,32.4587,71.4775,73.76,32,53,7.54,broken clouds,PK,2021-04-10 21:33:07
563,Isangel,-19.55,169.2667,82.4,78,75,9.22,broken clouds,VU,2021-04-10 21:33:07
564,Altay,47.8667,88.1167,34.07,38,0,10.38,clear sky,CN,2021-04-10 21:33:08
565,Kavaratti,10.5669,72.642,82.17,73,3,6.87,clear sky,IN,2021-04-10 21:33:08
566,Irkutsk,52.2978,104.2964,24.8,63,0,13.42,clear sky,RU,2021-04-10 21:31:20
567,Cayeli,41.0923,40.7292,44.8,87,100,2.39,overcast clouds,TR,2021-04-10 21:33:08
568,Richards Bay,-28.783,32.0377,70.34,84,0,10.25,clear sky,ZA,2021-04-10 21:33:09
569,Raudeberg,61.9875,5.1352,33.8,93,75,8.05,broken clouds,NO,2021-04-10 21:33:09
570,Sandwick,60.0,-1.25,32.0,86,40,4.61,scattered clouds,GB,2021-04-10 21:33:09
571,Sturgis,41.7992,-85.4192,62.6,94,90,10.36,light rain,US,2021-04-10 21:33:10
572,Korla,41.7597,86.1469,53.87,47,0,6.31,clear sky,CN,2021-04-10 21:33:10
573,Sabha,27.0377,14.4283,71.22,26,67,22.17,broken clouds,LY,2021-04-10 21:33:11
574,Kincardine,56.0667,-3.7167,33.8,86,75,3.44,broken clouds,GB,2021-04-10 21:33:11
575,Churapcha,62.0025,132.4325,12.0,93,100,13.78,light snow,RU,2021-04-10 21:33:11
576,Vostok,46.4856,135.8833,35.26,55,66,5.19,broken clouds,RU,2021-04-10 21:33:12
577,Aksarka,66.5606,67.7975,27.0,89,94,11.77,overcast clouds,RU,2021-04-10 21:33:12
578,Ayan,56.45,138.1667,26.29,94,100,8.28,light snow,RU,2021-04-10 21:33:12
579,Lekoni,-1.5843,14.2591,76.03,83,100,3.85,light rain,GA,2021-04-10 21:33:13
580,Mwinilunga,-11.7358,24.4293,59.86,94,91,2.98,overcast clouds,ZM,2021-04-10 21:33:13
581,Walvis Bay,-22.9575,14.5053,82.02,32,0,8.03,clear sky,NA,2021-04-10 21:33:13
582,Montepuez,-13.1256,38.9997,67.48,98,100,4.79,overcast clouds,MZ,2021-04-10 21:33:14
583,Ulaanbaatar,47.9077,106.8832,30.2,86,40,6.71,light snow,MN,2021-04-10 21:29:57
584,Milyutinskaya,48.6279,41.6679,39.76,92,85,10.47,overcast clouds,RU,2021-04-10 21:33:14
585,Bago,17.3367,96.4797,78.8,94,20,4.61,few clouds,MM,2021-04-10 21:33:14
586,Culebra,18.303,-65.301,80.6,47,1,11.5,clear sky,PR,2021-04-10 21:33:15
587,Sao Paulo De Olivenca,-3.3783,-68.8725,76.91,94,99,2.19,overcast clouds,BR,2021-04-10 21:33:15
588,Okhotsk,59.3833,143.3,22.98,79,100,26.13,overcast clouds,RU,2021-04-10 21:33:15
589,Lufilufi,-13.8745,-171.5986,89.6,62,20,4.61,few clouds,WS,2021-04-10 21:33:16
590,Zelenoborsk,61.4669,64.0333,33.37,98,100,5.48,light rain,RU,2021-04-10 21:33:16
591,Anahuac,27.2333,-100.15,87.8,25,1,8.05,clear sky,MX,2021-04-10 21:33:16
592,Contamana,-7.3333,-75.0167,80.1,88,68,1.21,heavy intensity rain,PE,2021-04-10 21:33:17
593,Maceio,-9.6658,-35.7353,71.6,100,75,6.91,broken clouds,BR,2021-04-10 21:32:43
594,Santa Isabel,-23.3156,-46.2214,78.8,41,0,4.61,clear sky,BR,2021-04-10 21:33:17
595,Obihiro,42.9172,143.2044,40.42,49,89,3.42,overcast clouds,JP,2021-04-10 21:33:17
596,Atbasar,51.8,68.3333,28.33,90,6,9.82,clear sky,KZ,2021-04-10 21:33:18
597,Chapais,49.7834,-74.8492,64.4,52,1,9.22,clear sky,CA,2021-04-10 21:33:18
598,Kanniyakumari,8.0833,77.5667,81.28,73,2,2.51,clear sky,IN,2021-04-10 21:33:18
599,Bonavista,48.6499,-53.1147,32.0,93,100,8.05,moderate rain,CA,2021-04-10 21:33:19
600,Dunedin,-45.8742,170.5036,62.53,65,44,6.53,scattered clouds,NZ,2021-04-10 21:32:46
601,Santiago Del Estero,-27.7951,-64.2615,64.94,66,92,22.5,overcast clouds,AR,2021-04-10 21:33:19
602,Falam,22.9167,93.6833,60.33,68,38,3.69,scattered clouds,MM,2021-04-10 21:33:20
603,Danshui,22.7984,114.4672,72.0,75,28,6.4,scattered clouds,CN,2021-04-10 21:33:20
604,Suntar,62.1444,117.6319,7.72,91,100,8.43,overcast clouds,RU,2021-04-10 21:33:20
605,Honiara,-9.4333,159.95,81.3,81,98,4.23,moderate rain,SB,2021-04-10 21:33:21
606,Boyolangu,-8.1181,111.8935,74.89,92,72,1.28,broken clouds,ID,2021-04-10 21:33:21
607,Quatre Cocos,-20.2078,57.7625,80.01,83,40,12.66,scattered clouds,MU,2021-04-10 21:33:22
608,San Carlos De Bariloche,-41.1456,-71.3082,59.0,47,20,28.77,few clouds,AR,2021-04-10 21:33:22
609,Palkino,57.5409,28.0126,30.2,93,0,3.98,fog,RU,2021-04-10 21:33:22
610,Rio De Jesus,7.9844,-81.1631,84.34,65,83,9.26,broken clouds,PA,2021-04-10 21:33:23
611,Ahipara,-35.1667,173.1667,69.28,79,6,2.86,clear sky,NZ,2021-04-10 21:33:23
612,Mogadishu,2.0371,45.3438,82.29,74,47,11.16,scattered clouds,SO,2021-04-10 21:33:23
613,Porto Santo,33.072,-16.3415,64.4,88,40,6.91,scattered clouds,PT,2021-04-10 21:33:24
614,Likasi,-10.9814,26.7333,61.05,83,100,3.13,overcast clouds,CD,2021-04-10 21:33:24
615,Marzuq,14.4,46.4667,66.97,28,0,6.15,clear sky,YE,2021-04-10 21:33:24
616,Tancitaro,19.3333,-102.3667,80.6,28,1,11.5,clear sky,MX,2021-04-10 21:33:25
617,Pingdingshan,33.7385,113.3012,52.95,63,100,2.33,overcast clouds,CN,2021-04-10 21:33:25
618,Qasigiannguit,68.8193,-51.1922,21.2,86,90,3.4,overcast clouds,GL,2021-04-10 21:33:25
619,San Angelo,31.4638,-100.437,78.01,13,1,4.21,clear sky,US,2021-04-10 21:31:07
620,Eydhafushi,5.1033,73.0708,82.8,71,3,7.99,clear sky,MV,2021-04-10 21:33:26
621,Ukmerge,55.25,24.75,46.0,81,90,2.3,overcast clouds,LT,2021-04-10 21:33:26
622,Upata,8.0086,-62.3989,76.42,78,100,5.41,overcast clouds,VE,2021-04-10 21:33:26
623,Suriapet,17.15,79.6167,77.0,82,40,4.88,scattered clouds,IN,2021-04-10 21:33:27
624,Barra,-11.0894,-43.1417,80.98,52,79,10.11,broken clouds,BR,2021-04-10 21:33:27
625,Kaduqli,11.0167,29.7167,86.4,9,97,10.4,overcast clouds,SD,2021-04-10 21:33:28
626,San Andres,12.5847,-81.7006,84.2,74,90,11.5,overcast clouds,CO,2021-04-10 21:33:28
627,Neverkino,52.7854,46.7417,38.01,99,96,8.25,overcast clouds,RU,2021-04-10 21:33:28
628,Yevpatoriya,45.1972,33.3558,46.99,49,55,13.85,broken clouds,UA,2021-04-10 21:33:29
629,Filingue,14.3521,3.3168,91.22,6,16,7.43,few clouds,NE,2021-04-10 21:33:29
630,Torquay,50.4638,-3.5143,42.01,1,58,10.8,broken clouds,GB,2021-04-10 21:33:29
631,Ous,60.9058,61.5186,34.2,99,100,4.65,moderate rain,RU,2021-04-10 21:33:30
632,Lima,-12.0432,-77.0282,75.0,73,75,4.61,broken clouds,PE,2021-04-10 21:32:59
633,Starokozache,46.3372,29.9853,37.4,60,0,5.19,clear sky,UA,2021-04-10 21:33:30
634,Chapada Dos Guimaraes,-15.4606,-55.7497,86.0,66,40,5.75,scattered clouds,BR,2021-04-10 21:33:31
635,Oistins,13.0667,-59.5333,78.8,65,20,9.22,volcanic ash,BB,2021-04-10 21:28:47
636,Severomuysk,56.1481,113.4267,-9.71,94,75,4.27,broken clouds,RU,2021-04-10 21:33:31
637,Antofagasta,-23.65,-70.4,72.0,72,40,13.8,scattered clouds,CL,2021-04-10 21:33:32
638,Deputatskiy,69.3,139.9,-14.6,90,9,1.86,clear sky,RU,2021-04-10 21:33:32
639,Copala,16.65,-98.9833,85.19,51,0,11.81,clear sky,MX,2021-04-10 21:33:32
640,Bahia De Caraquez,-0.6,-80.4167,84.2,79,20,5.75,few clouds,EC,2021-04-10 21:33:33
641,Agadez,19.75,10.25,82.87,5,0,6.71,clear sky,NE,2021-04-10 21:33:33
642,Iracoubo,5.4802,-53.2011,78.33,83,61,6.73,broken clouds,GF,2021-04-10 21:33:33
643,Porto Nacional,-10.7081,-48.4172,82.4,65,40,4.61,scattered clouds,BR,2021-04-10 21:33:34
644,Keroka,-0.7758,34.9453,54.75,97,100,3.36,overcast clouds,KE,2021-04-10 21:33:34
645,Riachao,-7.3619,-46.6172,77.47,64,75,0.81,broken clouds,BR,2021-04-10 21:33:34
646,Samarai,-10.6167,150.6667,81.46,70,96,11.52,overcast clouds,PG,2021-04-10 21:33:35
647,Bahir Dar,11.5936,37.3908,76.5,29,75,5.99,broken clouds,ET,2021-04-10 21:33:35
648,Garowe,8.4054,48.4845,71.49,72,0,7.9,clear sky,SO,2021-04-10 21:33:35
649,Inegol,40.0781,29.5133,35.6,75,0,2.3,clear sky,TR,2021-04-10 21:33:36
650,Banjar,-8.19,114.9675,78.8,89,40,3.44,scattered clouds,ID,2021-04-10 21:33:36
651,Orange Cove,36.6244,-119.3137,75.0,37,11,5.26,few clouds,US,2021-04-10 21:33:36
652,Alice Springs,-23.7,133.8833,57.99,71,0,4.61,clear sky,AU,2021-04-10 21:31:14
653,Matay,28.419,30.7792,54.01,43,0,12.86,clear sky,EG,2021-04-10 21:33:37
654,Vestmannaeyjar,63.4427,-20.2734,36.57,97,100,7.05,light rain,IS,2021-04-10 21:33:37
655,Treuchtlingen,48.95,10.9167,50.0,66,75,2.3,broken clouds,DE,2021-04-10 21:33:37
656,Bismarck,46.8083,-100.7837,69.8,16,1,11.5,clear sky,US,2021-04-10 21:29:02
657,Nokaneng,-19.6667,22.2667,67.89,42,0,6.51,clear sky,BW,2021-04-10 21:33:38
658,Alyangula,-13.8483,136.4192,71.6,100,97,4.61,overcast clouds,AU,2021-04-10 21:33:38
659,Junction City,39.0286,-96.8314,64.99,42,20,10.36,few clouds,US,2021-04-10 21:33:38
660,La Rochelle,46.1667,-1.15,55.4,88,75,6.91,broken clouds,FR,2021-04-10 21:33:39
661,Pitimbu,-7.4706,-34.8086,77.0,100,75,6.91,broken clouds,BR,2021-04-10 21:33:39
662,Severnyy,50.677,36.5532,41.0,52,0,4.47,clear sky,RU,2021-04-10 21:33:40
663,Tezpur,26.6333,92.8,72.05,64,1,6.55,clear sky,IN,2021-04-10 21:33:40
664,Rasra,25.85,83.85,79.16,8,0,7.09,clear sky,IN,2021-04-10 21:30:28
665,Naze,28.3667,129.4833,62.56,67,99,20.13,overcast clouds,JP,2021-04-10 21:31:04
666,Husavik,66.0449,-17.3389,28.4,64,0,5.75,clear sky,IS,2021-04-10 21:33:41
667,Pangody,65.85,74.4859,30.33,92,87,10.8,overcast clouds,RU,2021-04-10 21:33:41
668,Tezu,27.9167,96.1667,66.4,85,86,6.6,light rain,IN,2021-04-10 21:33:41
669,Kununurra,-15.7667,128.7333,68.0,94,100,1.74,overcast clouds,AU,2021-04-10 21:33:42
670,Khani,41.9563,42.9566,44.6,93,75,2.3,broken clouds,GE,2021-04-10 21:33:42
671,Puerto Colombia,10.9878,-74.9547,78.8,89,75,6.91,drizzle,CO,2021-04-10 21:33:42
672,Kuragino,53.8975,92.6725,21.79,92,16,1.9,few clouds,RU,2021-04-10 21:33:43
673,Bunbury,-33.3333,115.6333,57.99,80,100,1.99,light rain,AU,2021-04-10 21:33:43
674,Matata,-37.8833,176.75,69.01,99,64,4.0,broken clouds,NZ,2021-04-10 21:33:44
675,Goundam,16.4145,-3.6708,89.31,7,0,10.16,clear sky,ML,2021-04-10 21:33:44
676,Hailar,49.2,119.7,33.15,37,33,5.97,scattered clouds,CN,2021-04-10 21:33:44
677,Codrington,-38.2667,141.9667,52.07,65,100,22.82,overcast clouds,AU,2021-04-10 21:33:45
678,Doha,25.2867,51.5333,77.0,78,0,2.3,clear sky,QA,2021-04-10 21:33:23
679,Beyneu,45.3167,55.2,60.6,37,33,21.09,scattered clouds,KZ,2021-04-10 21:33:45
680,Ishinomaki,38.4167,141.3,33.8,75,0,1.14,clear sky,JP,2021-04-10 21:30:36
681,Quzhou,28.9594,118.8686,55.96,87,100,5.86,light rain,CN,2021-04-10 21:31:12
682,Klaksvik,62.2266,-6.589,28.4,93,75,16.11,light intensity drizzle,FO,2021-04-10 21:33:46
683,Emba,48.8264,58.1442,42.93,74,16,13.58,few clouds,KZ,2021-04-10 21:33:46
684,Alangayam,12.6,78.75,69.66,91,0,2.06,clear sky,IN,2021-04-10 21:33:46
685,Ust-Shonosha,61.1531,41.343,38.55,78,100,14.47,overcast clouds,RU,2021-04-10 21:33:47
686,Iskilip,40.7353,34.4739,33.6,78,99,6.76,light snow,TR,2021-04-10 21:33:47
687,Las Vegas,36.175,-115.1372,84.99,6,1,5.75,clear sky,US,2021-04-10 21:32:14
688,Ostersund,63.1792,14.6357,28.4,74,40,11.5,scattered clouds,SE,2021-04-10 21:33:47
689,Vinh,18.6667,105.6667,72.77,91,70,1.41,broken clouds,VN,2021-04-10 21:33:48
